Time Submitted,School,Level,Class,S/N,,,,,Q3 - Orientation Group,Q4 - CG,Q5 - 1) I ask myself periodically if I am meeting my goals.,Q6 - 2) I consider several alternatives to a problem before I answer.  ,Q7 - 3) I try to use strategies that have worked in the past.,Q8 - 4) I pace myself while learning in order to have enough time.,Q9 - 5) I understand my intellectual strengths and weaknesses.,Q10 - 6) I think about what I really need to learn before I begin a task.,Q11 - 7) I know how well I did once I finish a test.,Q12 - 8) I set specific goals before I begin a task.,Q13 - 9) I slow down when I encounter important information,Q14 - 10) I know what kind of information is most important to learn.,Q15 - 11) I ask myself if I have considered all options when solving a problem.,Q16 - 12) I am good at organizing information.,Q17 - 13) I consciously focus my attention on important information.,Q18 - 14) I have a specific purpose for each strategy I use.,Q19 - 15) I learn best when I know something about the topic.,Q20 - 16) I know what the teacher expects me to learn.,Q21 - 17) I am good at remembering information.,Q22 - 18) I use different learning strategies depending on the situation.,Q23 - 19) I ask myself if there was an easier way to do things after I finish a task.,Q24 - 20) I have control over how well I learn.,Q25 - 21) I periodically review to help me understand important relationships.,Q26 - 22) I ask myself questions about the material before I begin.,Q27 - 23) I think of several ways to solve a problem and choose the best one.,Q28 - 24) I summarize what I’ve learned after I finish.,Q29 - 25) I ask others for help when I don’t understand something.,Q30 - 26) I can motivate myself to learn when I need to.,Q31 - 27) I am aware of what strategies I use when I study.,Q32 - 28) I find myself analyzing the usefulness of strategies while I study.,Q33 - 29) I use my intellectual strengths to compensate for my weaknesses.,Q34 - 30) I focus on the meaning and significance of new information.,Q35 - 31) I create my own examples to make information more meaningful.,Q36 - 32) I am a good judge of how well I understand something.,Q37 - 33) I find myself using helpful learning strategies automatically.,Q38 - 34) I find myself pausing regularly to check my comprehension.,Q39 - 35) I know when each strategy I use will be most effective.,Q40 - 36) I ask myself how well I accomplish my goals once I’m finished.,Q41 - 37) I draw pictures or diagrams to help me understand while learning.,Q42 - 38) I ask myself if I have considered all options after I solve a problem.,Q43 - 39) I try to translate new information into my own words.,Q44 - 40) I change strategies when I fail to understand.,Q45 - 41) I use the organizational structure of the text to help me learn.,Q46 - 42) I read instructions carefully before I begin a task.,Q47 - 43) I ask myself if what I’m reading is related to what I already know.,Q48 - 44) I reevaluate my assumptions when I get confused.,Q49 - 45) I organize my time to best accomplish my goals.,Q50 - 46) I learn more when I am interested in the topic.,Q51 - 47) I try to break studying down into smaller steps.,Q52 - 48) I focus on overall meaning rather than specifics.,Q53 - 49) I ask myself questions about how well I am doing while I am learning something new.,Q54 - 50) I ask myself if I learned as much as I could have once I finish a task.,Q55 - 51) I stop and go back over new information that is not clear.,Q56 - 52) I stop and reread when I get confused.,Q57 - Thank you for completing the Metacognitive Awareness Inventory Survey! Please click submit.
2026-02-10 08:58:24 +0800,TEMASEK JUNIOR COLLEGE,PreU 1,CG 01/26,1,,,,,OG 7,CG 1,True,False,True,False,True,False,False,True,True,False,True,True,True,True,True,True,False,False,True,False,True,False,True,False,True,True,True,False,True,True,False,False,False,True,True,True,False,False,True,True,False,False,True,True,False,True,False,True,True,False,True,True,
2026-02-10 22:15:10 +0800,TEMASEK JUNIOR COLLEGE,PreU 1,CG 01/26,2,,,,,OG 19,CG 1,True,True,True,True,False,False,False,True,True,True,False,True,True,True,True,True,False,True,True,True,True,True,True,True,True,False,False,True,True,True,True,False,True,True,True,True,True,True,True,True,True,True,True,True,True,True,True,True,True,True,True,True,
2026-02-10 08:53:56 +0800,TEMASEK JUNIOR COLLEGE,PreU 1,CG 01/26,3,,,,,OG 5,CG 1,True,True,True,True,True,True,True,True,True,True,True,True,True,True,False,True,False,True,True,True,True,True,True,True,True,True,True,True,True,True,True,True,True,True,True,True,True,True,True,True,True,True,True,True,True,True,True,True,True,True,True,True,
2026-02-10 08:53:52 +0800,TEMASEK JUNIOR COLLEGE,PreU 1,CG 01/26,4,,,,,OG 17,CG 1,True,True,True,False,False,True,False,True,True,True,True,True,True,True,True,True,True,True,True,False,False,False,True,False,True,True,True,True,True,False,False,False,False,True,True,False,False,True,False,True,True,True,True,True,True,True,True,False,True,False,True,True,
2026-02-10 08:51:59 +0800,TEMASEK JUNIOR COLLEGE,PreU 1,CG 01/26,5,,,,,OG 8,CG 1,True,True,True,True,True,True,True,True,True,True,True,True,True,True,True,True,True,True,True,True,True,True,True,True,True,True,True,True,True,True,True,True,True,True,True,True,True,True,True,True,True,True,True,True,True,True,True,True,True,True,True,True,
2026-02-10 08:54:13 +0800,TEMASEK JUNIOR COLLEGE,PreU 1,CG 01/26,6,,,,,OG 2,CG 1,True,True,True,False,True,True,True,False,True,False,True,True,True,False,True,False,False,True,True,True,True,False,True,True,True,True,True,False,True,True,True,False,False,True,False,False,True,True,False,True,True,True,True,True,False,True,False,True,False,True,True,True,
2026-02-10 08:54:49 +0800,TEMASEK JUNIOR COLLEGE,PreU 1,CG 01/26,7,,,,,OG 9,CG 1,True,True,True,True,True,True,False,True,True,True,True,True,True,True,True,True,False,True,True,True,True,True,True,True,True,True,True,True,True,True,False,True,True,True,True,True,True,True,True,True,True,True,True,True,True,True,True,True,False,True,True,True,
2026-02-10 08:55:13 +0800,TEMASEK JUNIOR COLLEGE,PreU 1,CG 01/26,8,,,,,OG 17,CG 1,True,True,True,False,True,False,False,True,True,False,False,True,False,True,True,True,True,True,False,True,False,False,True,True,True,True,True,True,True,True,True,True,False,True,True,False,True,True,True,True,True,True,True,True,True,True,True,False,False,False,True,True,
2026-02-10 08:54:06 +0800,TEMASEK JUNIOR COLLEGE,PreU 1,CG 01/26,9,,,,,OG 18,CG 1,True,True,True,True,True,True,True,True,True,True,False,True,True,True,True,True,True,False,True,True,True,True,True,True,True,False,True,True,True,True,True,True,False,True,True,True,False,True,True,True,True,True,True,True,True,True,True,False,True,True,True,True,
2026-02-10 08:55:26 +0800,TEMASEK JUNIOR COLLEGE,PreU 1,CG 01/26,10,,,,,OG 17,CG 1,True,True,True,True,True,True,False,True,True,True,True,True,True,True,True,True,True,True,True,True,True,True,True,True,True,True,True,True,True,True,True,True,True,True,True,True,True,True,True,True,True,True,True,True,True,True,True,True,True,True,True,True,
2026-02-10 08:52:55 +0800,TEMASEK JUNIOR COLLEGE,PreU 1,CG 01/26,11,,,,,OG 18,CG 1,True,True,True,True,True,True,False,True,True,False,True,False,True,True,True,True,False,True,True,True,True,False,True,True,True,True,True,True,True,True,True,True,True,True,True,True,True,True,True,True,False,True,True,True,True,True,True,True,True,True,True,True,
2026-02-10 08:52:43 +0800,TEMASEK JUNIOR COLLEGE,PreU 1,CG 01/26,12,,,,,OG 1,CG 1,True,True,True,True,True,True,False,True,True,False,True,False,True,True,True,True,False,True,True,True,True,False,True,True,True,False,True,True,True,True,True,False,True,True,True,True,True,True,True,True,True,True,True,True,True,True,True,True,True,True,True,True,
2026-02-10 08:56:55 +0800,TEMASEK JUNIOR COLLEGE,PreU 1,CG 01/26,13,,,,,OG 13,CG 1,True,True,True,False,True,False,True,False,True,True,False,True,True,True,True,True,True,True,True,True,False,False,False,True,True,False,True,False,True,True,True,True,True,True,False,True,True,False,False,True,True,False,True,True,True,True,False,True,True,False,True,True,
2026-02-10 08:56:26 +0800,TEMASEK JUNIOR COLLEGE,PreU 1,CG 01/26,14,,,,,OG 7,CG 1,True,True,True,True,True,True,True,True,True,True,True,True,True,True,True,True,True,True,True,True,True,True,True,True,True,True,True,True,True,True,True,True,True,True,True,True,False,False,True,True,False,True,True,True,True,True,True,True,True,True,True,True,
2026-02-10 09:07:50 +0800,TEMASEK JUNIOR COLLEGE,PreU 1,CG 01/26,15,,,,,OG 5,CG 1,True,True,True,False,True,True,True,False,True,True,True,True,True,True,True,True,False,True,True,True,False,True,True,True,False,True,True,True,True,True,True,False,True,True,True,True,True,True,True,True,True,True,True,True,False,True,True,True,True,True,True,True,
2026-02-10 08:52:03 +0800,TEMASEK JUNIOR COLLEGE,PreU 1,CG 01/26,17,,,,,OG 15,CG 1,True,True,True,True,True,True,True,True,True,True,True,True,True,True,True,True,True,True,True,True,True,True,True,True,True,True,True,True,True,True,True,True,True,True,True,True,True,True,True,True,True,True,True,True,True,True,True,True,True,True,True,True,
2026-02-10 08:59:03 +0800,TEMASEK JUNIOR COLLEGE,PreU 1,CG 01/26,18,,,,,OG 11,CG 1,True,True,True,True,True,True,False,False,True,True,True,False,True,True,True,True,True,True,True,True,True,False,True,True,True,True,True,True,True,True,True,True,True,True,True,False,True,True,True,True,True,True,True,True,False,True,True,True,True,True,True,True,
2026-02-10 08:56:09 +0800,TEMASEK JUNIOR COLLEGE,PreU 1,CG 01/26,19,,,,,OG 12,CG 1,True,True,True,True,True,True,False,False,True,True,True,True,True,True,True,True,False,True,True,True,True,True,True,True,True,True,True,True,True,True,True,True,True,True,True,True,False,True,True,True,True,True,True,True,True,True,True,True,True,True,True,True,
2026-02-10 08:53:00 +0800,TEMASEK JUNIOR COLLEGE,PreU 1,CG 01/26,20,,,,,OG 3,CG 1,True,True,True,True,True,True,True,True,True,False,False,True,False,False,True,False,False,True,True,True,True,True,True,True,True,True,False,True,True,True,True,False,True,True,False,True,True,False,True,True,True,False,True,True,True,True,False,False,True,True,True,True,
2026-02-10 08:57:15 +0800,TEMASEK JUNIOR COLLEGE,PreU 1,CG 01/26,21,,,,,OG 2,CG 2,True,True,True,True,True,True,True,True,False,True,True,False,False,True,False,False,False,False,True,True,True,False,True,False,True,False,False,False,False,False,False,False,False,False,False,True,False,True,False,True,False,False,True,True,False,True,False,True,True,True,False,True,
2026-02-10 08:55:52 +0800,TEMASEK JUNIOR COLLEGE,PreU 1,CG 02/26,1,,,,,OG 18,CG 1,True,True,True,True,True,True,True,False,True,True,True,False,True,True,False,True,True,True,True,False,True,True,True,True,True,True,False,True,True,True,True,True,True,True,True,True,True,True,True,True,True,True,True,True,True,True,True,True,True,True,True,True,
2026-02-10 08:51:50 +0800,TEMASEK JUNIOR COLLEGE,PreU 1,CG 02/26,2,,,,,OG 5,CG 1,False,True,True,False,False,True,False,True,True,True,True,False,True,False,True,False,False,True,True,True,False,True,True,True,True,False,True,False,False,True,False,False,True,False,True,False,True,False,True,False,True,False,True,False,True,False,True,False,True,False,True,False,
2026-02-10 08:53:11 +0800,TEMASEK JUNIOR COLLEGE,PreU 1,CG 02/26,3,,,,,OG 2,CG 1,True,True,True,True,True,False,False,True,True,True,False,True,True,True,True,True,False,True,False,True,True,False,True,False,True,True,True,True,True,True,True,True,True,True,False,False,True,True,True,True,True,True,True,True,True,True,True,True,True,True,True,True,
2026-02-10 09:06:01 +0800,TEMASEK JUNIOR COLLEGE,PreU 1,CG 02/26,5,,,,,OG 4,CG 1,True,True,True,False,False,True,True,False,False,True,True,False,True,False,True,True,True,True,False,False,True,False,True,False,True,False,True,True,True,True,False,False,False,True,False,True,False,False,True,True,False,True,True,True,False,True,False,True,True,False,True,True,
2026-02-10 08:55:00 +0800,TEMASEK JUNIOR COLLEGE,PreU 1,CG 02/26,6,,,,,OG 19,CG 1,True,True,True,True,False,True,False,True,True,True,False,True,True,True,True,True,False,True,False,False,False,False,True,True,False,False,True,True,True,True,True,True,False,True,True,True,True,True,True,True,True,True,True,True,False,True,True,False,True,True,True,True,
2026-02-10 08:51:33 +0800,TEMASEK JUNIOR COLLEGE,PreU 1,CG 02/26,7,,,,,OG 14,CG 1,True,True,True,True,True,True,True,True,True,True,True,True,True,True,True,True,True,True,True,True,True,True,True,True,True,True,True,True,True,True,True,True,True,True,True,True,True,True,True,True,True,True,True,True,True,True,True,True,True,True,True,True,No
2026-02-10 08:52:29 +0800,TEMASEK JUNIOR COLLEGE,PreU 1,CG 02/26,8,,,,,OG 20,CG 1,True,True,True,True,True,True,False,True,True,True,True,True,True,True,True,True,True,True,True,True,True,True,True,True,True,True,True,True,True,True,True,False,True,True,True,True,True,True,True,True,True,True,True,True,True,True,True,True,True,True,True,True,
2026-02-10 08:58:49 +0800,TEMASEK JUNIOR COLLEGE,PreU 1,CG 02/26,9,,,,,OG 7,CG 1,False,True,True,False,True,False,False,False,True,False,True,True,True,False,True,False,True,True,True,False,False,False,True,False,True,True,False,False,True,True,False,False,True,True,False,True,True,False,False,False,False,True,True,True,False,True,True,False,False,False,True,True,
2026-02-10 08:58:52 +0800,TEMASEK JUNIOR COLLEGE,PreU 1,CG 02/26,10,,,,,OG 10,CG 1,False,True,True,False,True,False,True,False,True,True,True,True,True,True,True,True,True,True,True,True,False,False,True,False,True,True,True,True,True,True,True,False,False,True,False,False,True,True,True,True,False,True,False,True,False,True,True,True,False,False,True,True,
2026-02-10 08:53:44 +0800,TEMASEK JUNIOR COLLEGE,PreU 1,CG 02/26,14,,,,,OG 2,CG 1,True,True,True,True,True,True,True,True,True,True,True,True,True,True,True,True,True,True,True,True,True,True,True,True,True,True,True,True,True,True,True,True,True,True,True,True,True,True,True,True,True,True,True,True,True,True,True,True,True,True,True,True,
2026-02-10 08:57:04 +0800,TEMASEK JUNIOR COLLEGE,PreU 1,CG 02/26,15,,,,,OG 9,CG 1,False,True,True,True,True,True,True,True,True,True,False,False,True,True,True,True,True,True,True,True,True,True,True,True,True,True,True,True,True,True,True,True,True,True,False,True,True,True,True,True,True,True,True,True,True,True,True,False,True,True,True,True,
2026-02-10 08:57:21 +0800,TEMASEK JUNIOR COLLEGE,PreU 1,CG 02/26,16,,,,,OG 10,CG 10,True,True,True,True,True,False,False,False,True,True,True,True,True,True,True,True,True,True,True,True,False,False,True,False,True,True,True,True,True,True,True,True,True,True,True,True,True,True,True,True,False,True,True,True,True,True,True,True,True,True,True,True,
2026-02-10 08:53:18 +0800,TEMASEK JUNIOR COLLEGE,PreU 1,CG 02/26,17,,,,,OG 7,CG 1,True,True,True,True,True,True,False,True,True,True,True,False,False,False,True,True,True,True,True,True,True,True,True,True,False,True,True,True,True,True,True,True,True,True,True,True,False,True,True,True,True,True,True,True,True,True,True,True,True,True,True,True,
2026-02-10 08:50:51 +0800,TEMASEK JUNIOR COLLEGE,PreU 1,CG 02/26,18,,,,,OG 12,CG 1,True,True,True,True,True,True,True,True,True,True,True,True,True,True,True,True,True,True,True,True,True,True,True,True,True,True,True,True,True,True,True,True,True,True,True,True,True,True,True,True,True,True,True,True,True,True,True,True,True,True,True,True,
2026-02-10 08:54:24 +0800,TEMASEK JUNIOR COLLEGE,PreU 1,CG 02/26,19,,,,,OG 5,CG 1,True,True,True,True,True,True,True,True,True,True,True,True,True,True,True,True,True,True,False,True,True,True,False,True,False,True,True,True,True,True,True,True,True,True,True,True,True,True,False,True,False,False,True,True,False,True,True,True,True,False,True,True,
2026-02-10 08:56:25 +0800,TEMASEK JUNIOR COLLEGE,PreU 1,CG 03/26,1,,,,,OG 8,CG 1,True,True,True,True,True,True,True,False,True,True,False,True,True,True,True,True,True,True,True,True,True,True,True,True,True,True,True,True,True,True,False,True,True,True,True,True,True,True,True,True,True,True,True,True,True,True,True,True,True,True,True,True,
2026-02-10 08:58:43 +0800,TEMASEK JUNIOR COLLEGE,PreU 1,CG 03/26,2,,,,,OG 9,CG 1,True,True,True,True,True,True,True,True,True,True,True,False,True,False,False,True,False,False,True,True,True,False,True,True,True,True,True,False,True,True,True,True,True,False,False,True,True,True,True,True,True,True,True,True,False,True,True,True,True,True,True,True,
2026-02-10 08:58:42 +0800,TEMASEK JUNIOR COLLEGE,PreU 1,CG 03/26,3,,,,,OG 4,CG 1,False,True,True,True,True,False,False,False,True,True,False,False,True,False,True,True,True,False,True,True,False,True,True,True,True,True,True,False,True,True,True,True,False,True,False,True,False,True,True,True,False,True,True,True,True,True,True,True,True,True,True,True,
2026-02-10 08:56:59 +0800,TEMASEK JUNIOR COLLEGE,PreU 1,CG 03/26,4,,,,,OG 4,CG 1,True,True,True,True,True,True,False,True,True,True,True,True,True,True,True,True,False,True,True,False,True,True,True,True,True,True,True,True,True,True,True,True,True,True,True,True,True,True,True,True,True,True,True,True,True,True,True,True,True,True,True,True,
2026-02-10 08:53:30 +0800,TEMASEK JUNIOR COLLEGE,PreU 1,CG 03/26,5,,,,,OG 15,CG 1,True,True,True,True,True,False,False,True,True,True,True,False,True,True,True,True,False,True,True,False,True,True,True,False,True,True,True,False,False,True,True,True,False,True,True,True,True,True,True,False,True,True,True,True,True,True,True,True,False,True,True,True,
2026-02-10 08:52:40 +0800,TEMASEK JUNIOR COLLEGE,PreU 1,CG 03/26,6,,,,,OG 17,CG 1,True,True,True,False,False,True,True,False,True,True,True,True,True,True,True,True,False,True,True,True,False,False,True,False,True,False,True,True,True,False,False,False,True,True,False,False,True,True,False,True,False,True,True,True,True,True,True,True,True,False,True,True,
2026-02-10 08:58:30 +0800,TEMASEK JUNIOR COLLEGE,PreU 1,CG 03/26,7,,,,,OG 15,CG 1,True,False,True,False,True,True,False,False,True,True,False,True,True,False,False,True,True,True,False,True,True,False,False,False,True,True,True,False,True,False,False,True,False,True,True,False,False,False,True,True,True,True,False,True,False,True,False,False,False,False,True,True,
2026-02-10 08:53:14 +0800,TEMASEK JUNIOR COLLEGE,PreU 1,CG 03/26,9,,,,,OG 19,CG 1,True,True,True,True,True,True,False,True,True,True,True,True,True,True,True,True,False,True,True,True,True,True,True,True,True,True,True,True,True,True,True,False,True,True,True,True,False,True,True,True,True,True,True,True,False,True,True,False,True,True,True,True,
2026-02-10 08:52:37 +0800,TEMASEK JUNIOR COLLEGE,PreU 1,CG 03/26,10,,,,,OG 1,CG 1,True,True,True,True,True,True,True,False,True,True,False,True,True,True,True,True,True,True,False,True,False,False,False,False,True,True,True,True,True,True,True,True,True,True,False,True,False,True,True,True,True,True,True,False,False,True,True,True,False,True,True,True,
2026-02-10 08:53:40 +0800,TEMASEK JUNIOR COLLEGE,PreU 1,CG 03/26,11,,,,,OG 20,CG 1,False,True,True,True,True,True,True,False,True,False,True,True,True,False,True,True,True,False,True,True,True,False,False,True,True,True,False,False,True,True,False,True,False,False,False,True,True,True,True,True,True,True,True,True,False,True,True,True,False,False,True,True,
2026-02-10 08:51:07 +0800,TEMASEK JUNIOR COLLEGE,PreU 1,CG 03/26,12,,,,,OG 14,CG 1,True,True,True,True,True,True,True,True,True,True,True,True,True,True,True,True,True,True,True,True,True,True,True,True,True,True,True,True,True,True,True,True,True,True,True,True,True,True,True,True,True,True,True,True,True,True,True,True,True,True,True,True,
2026-02-10 08:59:47 +0800,TEMASEK JUNIOR COLLEGE,PreU 1,CG 03/26,13,,,,,OG 8,CG 1,False,True,True,True,True,False,True,False,True,True,True,True,False,True,True,True,False,True,False,True,False,True,True,False,False,True,True,False,True,False,True,True,False,False,True,True,False,True,True,True,True,False,True,True,True,True,True,False,False,True,True,True,
2026-02-10 08:54:16 +0800,TEMASEK JUNIOR COLLEGE,PreU 1,CG 03/26,14,,,,,OG 16,CG 1,True,True,True,True,True,True,True,True,True,True,True,True,True,True,True,True,True,True,True,True,True,True,True,True,True,True,True,True,True,True,True,True,True,True,True,True,True,True,True,True,True,True,True,True,True,True,True,True,True,True,True,True,
2026-02-10 08:53:50 +0800,TEMASEK JUNIOR COLLEGE,PreU 1,CG 03/26,15,,,,,OG 19,CG 1,True,True,True,False,False,False,True,True,True,True,False,False,True,True,True,True,False,True,True,True,True,False,True,False,True,True,True,True,True,True,True,False,True,True,True,False,False,True,True,True,True,True,True,True,True,True,True,False,False,True,True,True,
2026-02-10 08:57:57 +0800,TEMASEK JUNIOR COLLEGE,PreU 1,CG 03/26,16,,,,,OG 9,CG 1,True,True,True,False,True,True,True,True,False,True,False,True,True,True,False,True,True,False,True,False,False,True,True,True,True,False,True,True,True,True,False,False,True,False,False,True,True,True,True,True,True,True,True,True,True,True,False,False,True,True,True,True,Nil
2026-02-10 08:55:40 +0800,TEMASEK JUNIOR COLLEGE,PreU 1,CG 03/26,17,,,,,OG 15,CG 1,True,True,True,True,True,True,False,True,True,True,True,True,True,True,False,True,True,True,False,True,True,True,True,True,True,True,True,True,True,True,False,True,False,True,True,True,False,True,True,True,True,True,True,True,True,True,True,False,True,True,True,True,
2026-02-10 08:56:48 +0800,TEMASEK JUNIOR COLLEGE,PreU 1,CG 03/26,18,,,,,OG 17,CG 1,True,True,True,True,True,True,True,True,True,True,True,True,True,True,True,True,True,True,True,True,True,True,True,True,True,True,True,True,True,True,True,True,True,True,True,True,False,True,False,True,False,True,False,False,True,True,False,True,True,False,True,False,
2026-02-10 08:58:31 +0800,TEMASEK JUNIOR COLLEGE,PreU 1,CG 03/26,19,,,,,OG 3,CG 1,False,True,True,True,True,False,True,True,False,False,False,False,True,True,True,True,False,True,True,True,False,False,True,False,True,True,True,False,True,False,False,False,True,False,False,True,True,False,True,True,False,True,True,True,True,True,True,True,False,False,True,True,
2026-02-10 08:57:00 +0800,TEMASEK JUNIOR COLLEGE,PreU 1,CG 03/26,20,,,,,OG 20,CG 1,True,True,True,True,True,True,True,True,True,True,True,True,True,True,True,True,False,True,True,True,True,True,True,True,True,True,True,True,True,True,True,True,True,True,True,True,False,True,True,True,True,True,True,True,True,True,True,True,True,True,True,True,
2026-02-10 09:01:40 +0800,TEMASEK JUNIOR COLLEGE,PreU 1,CG 03/26,21,,,,,OG 7,CG 1,True,True,True,True,True,True,True,True,True,True,True,True,True,True,True,True,False,True,False,True,True,True,True,True,True,False,True,True,True,True,True,True,True,True,True,True,True,True,True,True,True,True,True,True,False,True,True,True,True,True,True,True,
2026-02-10 08:55:20 +0800,TEMASEK JUNIOR COLLEGE,PreU 1,CG 03/26,22,,,,,OG 16,CG 1,True,True,True,True,True,True,True,True,True,True,True,True,True,True,True,True,False,True,True,True,True,True,True,True,True,True,True,True,True,True,True,True,True,True,True,True,True,True,True,True,True,True,True,True,True,True,True,True,True,True,True,True,Nil
2026-02-10 08:55:57 +0800,TEMASEK JUNIOR COLLEGE,PreU 1,CG 03/26,23,,,,,OG 9,CG 1,True,True,True,True,False,True,True,False,True,True,True,True,True,True,True,False,False,True,True,False,True,True,True,True,True,True,True,True,True,True,True,True,True,True,True,True,True,True,True,True,True,True,True,True,True,True,True,True,True,True,True,True,
2026-02-10 08:59:16 +0800,TEMASEK JUNIOR COLLEGE,PreU 1,CG 03/26,24,,,,,OG 10,CG 1,True,True,True,True,True,False,True,True,True,True,True,True,False,False,True,True,True,True,False,True,True,False,True,True,True,True,True,True,True,True,False,True,True,True,True,True,False,False,True,True,True,False,True,True,False,True,True,False,True,True,True,True,
2026-02-10 08:52:29 +0800,TEMASEK JUNIOR COLLEGE,PreU 1,CG 03/26,25,,,,,OG 10,CG 1,True,True,True,True,True,True,True,True,True,True,True,True,True,True,True,True,False,True,True,True,True,True,True,True,True,True,True,True,True,True,True,True,True,True,True,True,True,True,True,True,True,False,True,True,True,True,True,True,True,True,True,True,
2026-02-10 08:59:21 +0800,TEMASEK JUNIOR COLLEGE,PreU 1,CG 04/26,1,,,,,OG 13,CG 1,True,True,True,True,True,True,True,True,True,True,False,True,True,False,True,False,False,True,False,True,False,False,False,False,True,True,True,True,False,True,False,True,True,True,True,False,False,False,True,True,False,False,True,True,False,True,True,True,False,False,True,True,
2026-02-10 08:53:11 +0800,TEMASEK JUNIOR COLLEGE,PreU 1,CG 04/26,2,,,,,OG 8,CG 1,True,False,True,True,False,False,True,False,True,False,False,False,True,True,True,True,True,False,False,False,True,False,False,True,True,True,True,False,False,True,False,False,False,True,False,False,True,False,True,True,True,True,True,False,False,True,False,True,False,False,True,True,
2026-02-10 08:59:38 +0800,TEMASEK JUNIOR COLLEGE,PreU 1,CG 04/26,3,,,,,OG 6,CG 1,False,True,True,False,False,False,False,False,True,True,True,False,True,False,True,True,False,True,True,False,True,False,True,False,True,True,False,True,True,True,True,True,False,False,True,True,False,True,True,True,False,True,True,True,False,True,False,True,False,True,True,True,
2026-02-10 09:01:22 +0800,TEMASEK JUNIOR COLLEGE,PreU 1,CG 04/26,4,,,,,OG 16,CG 1,False,True,True,True,False,False,True,True,True,True,True,True,True,True,True,False,False,True,True,True,True,True,True,True,True,True,True,True,True,True,True,True,False,True,False,False,True,True,True,True,True,False,True,True,False,True,False,True,True,False,True,True,
2026-02-10 08:53:24 +0800,TEMASEK JUNIOR COLLEGE,PreU 1,CG 04/26,6,,,,,OG 4,CG 1,True,True,True,False,True,True,False,True,True,False,True,True,False,True,True,False,True,True,True,False,True,True,True,False,True,False,True,True,False,True,True,True,True,True,True,True,True,True,True,True,True,True,True,True,False,True,True,True,True,True,True,True,
2026-02-10 08:57:14 +0800,TEMASEK JUNIOR COLLEGE,PreU 1,CG 04/26,7,,,,,OG 11,CG 1,True,True,True,True,True,True,False,True,True,True,True,True,True,True,True,False,False,False,True,True,True,False,False,True,True,True,True,True,True,True,True,True,False,True,True,True,True,True,True,False,True,True,True,True,False,True,True,False,True,False,True,True,
2026-02-10 08:54:12 +0800,TEMASEK JUNIOR COLLEGE,PreU 1,CG 04/26,8,,,,,OG 1,CG 1,True,True,True,True,True,True,True,True,True,True,True,True,False,True,True,True,True,True,True,True,True,True,True,True,True,True,True,True,True,False,True,True,True,True,True,True,True,True,True,True,True,True,True,True,True,True,True,True,True,False,True,True,
2026-02-10 08:55:35 +0800,TEMASEK JUNIOR COLLEGE,PreU 1,CG 04/26,9,,,,,OG 2,CG 1,True,True,True,True,True,True,True,True,True,True,True,True,True,True,True,True,True,True,True,True,True,True,True,True,True,True,True,True,True,True,True,True,True,True,True,True,True,True,True,True,True,True,True,True,True,True,True,True,True,True,True,True,
2026-02-10 08:57:01 +0800,TEMASEK JUNIOR COLLEGE,PreU 1,CG 04/26,10,,,,,OG 2,CG 1,False,True,True,True,True,False,True,False,True,True,True,False,True,True,True,True,True,True,False,True,False,False,True,False,True,True,True,False,True,True,True,True,True,False,True,False,True,True,True,True,True,True,True,True,True,True,True,True,True,False,True,True,
2026-02-10 08:59:07 +0800,TEMASEK JUNIOR COLLEGE,PreU 1,CG 04/26,11,,,,,OG 3,CG 3,True,True,True,True,True,True,True,False,True,False,False,True,True,True,True,False,True,False,True,True,False,False,True,True,False,True,True,True,True,True,True,True,True,True,True,True,False,True,False,True,True,True,True,True,True,True,True,False,False,False,True,True,
2026-02-10 08:55:35 +0800,TEMASEK JUNIOR COLLEGE,PreU 1,CG 04/26,12,,,,,OG 20,CG 1,True,True,True,True,True,True,True,True,True,True,True,True,True,True,True,True,False,True,True,True,True,True,True,True,True,True,True,True,True,True,True,True,True,False,True,True,True,True,True,True,True,True,True,True,True,True,True,True,True,True,True,True,
2026-02-10 08:57:01 +0800,TEMASEK JUNIOR COLLEGE,PreU 1,CG 04/26,13,,,,,OG 11,CG 1,True,True,True,True,True,True,True,True,True,True,True,True,True,True,True,False,True,True,False,True,True,True,True,True,True,True,True,False,True,True,True,True,True,True,True,True,False,False,True,True,True,True,True,True,True,True,True,True,True,False,True,True,
2026-02-10 09:00:49 +0800,TEMASEK JUNIOR COLLEGE,PreU 1,CG 04/26,15,,,,,OG 19,CG 1,False,True,True,False,True,True,True,False,True,True,False,True,False,True,True,True,True,True,True,True,False,True,False,True,True,True,False,False,True,True,True,True,True,True,False,False,False,False,True,False,False,True,True,False,False,True,False,True,True,False,True,True,nil
2026-02-10 08:56:41 +0800,TEMASEK JUNIOR COLLEGE,PreU 1,CG 04/26,16,,,,,OG 10,CG 1,True,False,True,False,False,True,True,False,True,False,False,False,True,False,True,False,True,False,True,False,True,False,False,False,True,True,True,False,False,True,False,False,False,True,True,False,True,False,True,False,False,True,True,True,False,True,True,True,True,False,True,True,
2026-02-10 08:53:21 +0800,TEMASEK JUNIOR COLLEGE,PreU 1,CG 04/26,17,,,,,OG 13,CG 1,True,False,True,False,False,False,False,False,True,False,True,True,True,False,True,True,True,True,True,True,False,False,False,False,True,True,True,False,False,True,True,True,False,True,False,False,True,False,True,True,True,True,True,True,False,True,True,False,False,True,True,True,
2026-02-10 08:52:54 +0800,TEMASEK JUNIOR COLLEGE,PreU 1,CG 04/26,18,,,,,OG 14,CG 1,False,True,True,False,False,True,False,False,True,True,True,False,False,True,True,False,False,True,True,False,True,False,False,True,True,True,False,False,True,False,True,False,False,True,False,True,False,True,True,False,True,False,False,True,False,True,True,False,True,True,True,True,Nil
2026-02-10 09:00:18 +0800,TEMASEK JUNIOR COLLEGE,PreU 1,CG 04/26,19,,,,,OG 15,CG 1,False,True,True,True,True,True,True,False,True,True,False,False,False,False,True,False,False,False,False,False,False,False,True,False,True,True,True,True,True,True,True,False,True,False,True,True,True,False,True,True,True,True,True,True,False,True,False,False,True,False,True,True,
2026-02-10 09:02:00 +0800,TEMASEK JUNIOR COLLEGE,PreU 1,CG 04/26,20,,,,,OG 3,CG 1,True,True,True,False,True,True,False,True,True,True,False,True,True,True,True,True,True,True,True,True,True,False,True,True,True,True,True,True,True,True,True,True,True,True,True,True,False,True,True,False,True,True,True,True,True,True,True,False,True,True,True,True,
2026-02-10 08:54:26 +0800,TEMASEK JUNIOR COLLEGE,PreU 1,CG 04/26,24,,,,,OG 15,CG 1,True,True,True,False,True,True,False,True,True,True,True,True,True,True,False,True,False,True,True,True,True,True,True,False,True,True,False,True,True,True,True,True,False,True,True,True,True,True,True,True,True,True,True,True,True,True,True,True,True,True,True,True,
2026-02-10 08:54:15 +0800,TEMASEK JUNIOR COLLEGE,PreU 1,CG 04/26,25,,,,,OG 17,CG 1,False,True,True,True,True,True,False,False,True,True,False,False,True,False,True,True,False,True,True,False,True,True,False,False,True,True,True,True,True,False,True,False,False,True,True,False,True,False,True,True,True,True,True,True,False,True,True,True,True,False,True,True,
2026-02-10 08:58:59 +0800,TEMASEK JUNIOR COLLEGE,PreU 1,CG 05/26,1,,,,,OG 14,CG 1,True,True,True,True,True,True,True,True,True,True,True,True,True,True,True,True,True,True,True,True,True,True,True,True,True,True,True,True,True,True,True,True,True,True,True,True,True,True,True,True,True,True,True,True,True,True,True,True,True,True,True,True,
2026-02-10 08:51:27 +0800,TEMASEK JUNIOR COLLEGE,PreU 1,CG 05/26,2,,,,,OG 16,CG 1,True,True,True,True,True,True,False,True,False,False,True,True,True,True,False,False,False,True,True,True,True,False,True,False,True,True,True,True,True,True,False,True,True,True,False,True,True,True,False,True,True,True,True,True,True,True,True,True,True,True,True,True,
2026-02-10 08:53:48 +0800,TEMASEK JUNIOR COLLEGE,PreU 1,CG 05/26,3,,,,,OG 9,CG 1,False,True,True,False,True,False,True,False,True,True,True,True,True,True,True,True,True,True,True,False,False,False,True,False,False,False,True,True,False,True,True,True,False,False,True,False,True,True,True,True,False,True,True,True,False,True,False,False,False,False,True,True,
2026-02-10 08:55:36 +0800,TEMASEK JUNIOR COLLEGE,PreU 1,CG 05/26,4,,,,,OG 1,CG 1,True,True,True,True,True,True,True,True,True,True,True,False,True,True,True,True,True,True,True,True,True,False,True,True,False,True,True,True,True,True,True,True,True,True,True,True,True,True,True,True,True,True,True,True,False,True,False,True,True,True,True,True,
2026-02-10 09:13:04 +0800,TEMASEK JUNIOR COLLEGE,PreU 1,CG 05/26,5,,,,,OG 13,CG 1,True,False,True,True,True,True,True,True,True,True,False,False,True,True,True,True,True,True,False,True,True,True,False,True,True,True,True,True,True,True,True,True,True,True,True,True,True,False,True,True,True,True,True,True,True,True,True,False,True,True,True,True,
2026-02-10 08:52:48 +0800,TEMASEK JUNIOR COLLEGE,PreU 1,CG 05/26,6,,,,,OG 7,CG 1,True,True,True,True,True,False,True,False,True,False,False,False,True,True,True,False,False,True,True,True,True,False,False,True,True,True,True,True,True,True,True,False,True,True,False,False,True,False,True,True,True,False,True,True,True,True,True,True,False,False,True,True,
2026-02-10 08:54:39 +0800,TEMASEK JUNIOR COLLEGE,PreU 1,CG 05/26,7,,,,,OG 4,CG 1,False,True,True,True,True,False,False,True,True,True,True,False,True,True,True,True,True,False,True,False,True,True,True,True,True,True,True,True,True,True,True,True,True,True,True,True,True,True,True,True,True,True,True,True,True,True,True,True,True,True,True,True,
2026-02-10 08:58:45 +0800,TEMASEK JUNIOR COLLEGE,PreU 1,CG 05/26,8,,,,,OG 12,CG 1,True,True,True,True,True,True,True,True,True,True,True,True,True,True,True,True,True,True,True,True,True,True,True,True,True,True,True,True,True,True,True,True,True,True,True,True,True,True,True,True,True,True,True,True,True,True,True,True,True,True,True,True,
2026-02-10 09:01:27 +0800,TEMASEK JUNIOR COLLEGE,PreU 1,CG 05/26,9,,,,,OG 6,CG 1,True,True,True,True,True,True,False,True,True,True,True,True,True,True,True,True,False,True,True,True,True,True,True,True,True,False,True,True,True,True,True,True,True,True,True,True,True,True,False,True,True,True,True,True,True,True,True,False,True,True,True,True,
2026-02-10 08:53:00 +0800,TEMASEK JUNIOR COLLEGE,PreU 1,CG 05/26,10,,,,,OG 17,CG 1,True,True,True,True,True,True,True,True,True,True,True,True,True,True,True,True,True,True,True,True,True,True,True,True,True,True,True,True,True,True,True,True,True,True,True,True,True,True,True,True,True,True,True,True,True,True,True,True,True,True,True,True,
2026-02-10 08:53:38 +0800,TEMASEK JUNIOR COLLEGE,PreU 1,CG 05/26,11,,,,,OG 14,CG 1,True,True,True,True,True,True,True,True,True,True,False,True,True,True,True,True,False,True,True,True,True,True,False,False,True,True,True,False,True,True,True,True,True,True,True,True,True,False,True,True,True,True,True,True,True,True,True,False,True,False,True,True,
2026-02-10 08:55:45 +0800,TEMASEK JUNIOR COLLEGE,PreU 1,CG 05/26,12,,,,,OG 6,CG 1,True,True,True,True,False,True,False,True,True,True,True,True,True,True,True,True,True,True,False,True,True,False,True,False,True,True,True,True,True,True,False,True,True,False,False,False,True,True,False,True,True,True,True,True,True,True,True,True,False,False,True,True,
2026-02-10 08:57:47 +0800,TEMASEK JUNIOR COLLEGE,PreU 1,CG 05/26,13,,,,,OG 12,CG 1,False,True,True,False,False,False,True,False,True,False,False,False,True,True,True,False,False,True,True,True,False,False,False,True,True,False,True,False,False,False,False,False,False,False,False,False,True,False,True,False,False,False,False,False,False,True,False,False,False,False,True,True,
2026-02-10 08:57:22 +0800,TEMASEK JUNIOR COLLEGE,PreU 1,CG 05/26,14,,,,,OG 8,CG 1,True,True,True,False,True,False,True,True,True,False,True,True,True,False,True,True,True,True,True,True,False,False,True,False,True,True,False,True,True,False,True,True,False,True,True,False,False,True,True,True,True,True,False,True,True,True,False,True,True,True,True,True,
2026-02-10 08:57:54 +0800,TEMASEK JUNIOR COLLEGE,PreU 1,CG 05/26,15,,,,,OG 15,CG 1,True,True,True,True,True,True,False,True,True,True,True,True,True,True,True,True,False,True,True,True,True,True,True,True,True,True,True,True,True,True,True,False,True,True,True,True,True,True,True,True,True,True,True,True,True,True,True,True,True,False,True,True,
2026-02-10 08:54:24 +0800,TEMASEK JUNIOR COLLEGE,PreU 1,CG 05/26,16,,,,,OG 13,CG 1,False,True,True,True,True,True,True,False,True,True,True,True,True,True,True,True,True,True,True,True,True,False,True,True,True,True,True,True,True,True,True,True,True,True,True,True,True,True,True,True,True,True,True,True,False,True,False,True,False,True,True,True,What
2026-02-10 08:58:32 +0800,TEMASEK JUNIOR COLLEGE,PreU 1,CG 05/26,17,,,,,OG 15,CG 1,True,True,True,True,True,True,True,True,True,True,True,True,True,True,True,True,False,True,True,True,True,False,True,True,True,False,True,False,True,True,False,True,True,True,True,True,True,True,True,True,True,True,True,True,True,True,True,True,True,False,True,True,
2026-02-11 21:40:06 +0800,TEMASEK JUNIOR COLLEGE,PreU 1,CG 05/26,18,,,,,OG 10,CG 5,True,True,True,False,True,True,True,False,True,True,True,False,True,True,True,True,False,True,True,True,True,True,True,True,False,True,False,True,True,True,True,False,True,False,True,True,True,True,True,False,True,True,True,True,True,True,True,True,True,False,True,True,
2026-02-10 09:06:11 +0800,TEMASEK JUNIOR COLLEGE,PreU 1,CG 05/26,19,,,,,OG 19,CG 1,False,True,True,True,False,False,True,True,True,False,False,True,False,True,False,False,True,True,False,False,False,False,False,False,True,True,True,True,True,False,True,True,True,False,False,False,True,False,False,True,True,True,False,True,True,True,False,True,False,False,True,True,
2026-02-10 08:53:23 +0800,TEMASEK JUNIOR COLLEGE,PreU 1,CG 05/26,20,,,,,OG 8,CG 1,True,True,True,False,True,True,False,True,True,True,True,True,True,True,True,True,True,True,True,True,True,False,True,True,True,False,True,True,True,True,True,True,False,True,True,True,False,True,True,True,True,True,True,True,True,True,True,True,True,True,True,True,
2026-02-10 08:57:43 +0800,TEMASEK JUNIOR COLLEGE,PreU 1,CG 05/26,21,,,,,OG 12,CG 1,True,True,True,True,True,True,True,True,True,True,True,True,True,True,True,True,True,True,True,True,True,True,True,True,True,True,True,True,True,True,True,True,True,True,True,True,True,True,True,True,True,True,True,True,True,True,True,True,True,True,True,True,
2026-02-10 08:56:07 +0800,TEMASEK JUNIOR COLLEGE,PreU 1,CG 05/26,22,,,,,OG 5,CG 1,True,True,True,False,True,True,True,False,True,True,False,False,True,True,True,False,True,True,True,False,False,True,True,False,False,True,False,False,True,True,True,True,False,False,False,True,True,False,True,False,False,False,True,True,False,True,True,True,True,False,True,True,
2026-02-10 08:53:55 +0800,TEMASEK JUNIOR COLLEGE,PreU 1,CG 05/26,23,,,,,OG 2,CG 1,True,True,True,False,True,True,True,True,True,True,True,False,True,True,True,True,True,True,True,True,True,True,True,False,True,True,True,True,True,True,True,True,True,True,True,True,True,True,True,True,True,True,True,True,False,True,True,True,True,True,True,True,
2026-02-10 08:53:25 +0800,TEMASEK JUNIOR COLLEGE,PreU 1,CG 05/26,24,,,,,OG 18,CG 1,True,True,True,True,True,True,True,True,True,True,False,True,True,True,True,True,False,True,True,True,True,False,False,True,True,True,True,True,False,False,True,True,True,False,False,True,True,True,True,False,True,True,True,True,True,True,True,False,True,True,False,False,
2026-02-10 08:56:06 +0800,TEMASEK JUNIOR COLLEGE,PreU 1,CG 05/26,25,,,,,OG 12,CG 1,True,True,True,False,True,True,True,True,True,False,True,True,False,False,True,True,False,True,True,True,False,True,True,True,True,False,True,False,False,True,True,True,True,True,True,False,True,True,True,True,True,True,True,True,True,True,True,True,False,False,True,True,
2026-02-10 08:58:38 +0800,TEMASEK JUNIOR COLLEGE,PreU 1,CG 05/26,26,,,,,OG 10,CG 1,False,False,True,False,True,True,True,False,True,True,True,True,True,True,True,True,False,True,True,True,True,True,True,True,True,True,True,True,True,True,True,True,True,True,True,True,True,True,True,True,True,True,True,True,True,True,True,True,True,True,True,True,
2026-02-10 08:52:32 +0800,TEMASEK JUNIOR COLLEGE,PreU 1,CG 06/26,1,,,,,OG 11,CG 1,True,True,True,True,True,True,True,True,True,True,True,True,True,True,True,True,True,True,True,True,True,True,True,True,True,True,True,True,True,True,True,True,True,True,True,True,True,True,True,True,True,True,True,True,True,True,True,True,True,True,True,True,
2026-02-10 08:59:05 +0800,TEMASEK JUNIOR COLLEGE,PreU 1,CG 06/26,2,,,,,OG 8,CG 1,False,True,True,True,True,True,False,False,True,True,False,True,True,True,True,False,False,True,False,True,False,False,True,False,True,False,True,False,True,True,False,False,False,True,False,False,True,True,True,True,True,False,True,True,True,True,True,True,True,True,True,True,
2026-02-10 08:55:04 +0800,TEMASEK JUNIOR COLLEGE,PreU 1,CG 06/26,3,,,,,OG 10,CG 1,True,True,True,True,True,False,True,True,True,True,True,True,True,True,True,False,True,True,True,True,True,True,True,True,True,True,True,False,True,True,True,True,True,True,True,True,True,True,True,True,True,True,True,True,True,True,True,False,True,True,True,True,
2026-02-10 08:58:33 +0800,TEMASEK JUNIOR COLLEGE,PreU 1,CG 06/26,4,,,,,OG 1,CG 1,True,True,True,False,False,True,True,True,False,False,True,True,False,True,True,True,True,False,True,True,True,True,True,False,True,True,True,True,True,True,False,True,False,True,True,True,True,True,True,True,True,True,True,True,False,True,True,False,True,True,True,True,
2026-02-10 09:01:30 +0800,TEMASEK JUNIOR COLLEGE,PreU 1,CG 06/26,5,,,,,OG 1,CG 1,True,True,True,False,True,False,True,True,True,True,True,True,True,True,True,False,True,True,True,True,False,True,False,False,True,True,True,True,True,False,True,True,True,True,False,True,True,True,True,True,True,True,True,True,False,True,True,False,False,True,True,True,
2026-02-10 09:01:49 +0800,TEMASEK JUNIOR COLLEGE,PreU 1,CG 06/26,6,,,,,OG 7,CG 1,True,True,True,True,True,True,True,True,True,True,False,True,True,True,True,True,True,True,True,True,True,False,True,True,True,False,True,True,False,True,False,True,True,True,False,False,True,True,True,True,True,True,True,True,True,True,True,True,True,True,True,True,ur welcome
2026-02-10 08:59:40 +0800,TEMASEK JUNIOR COLLEGE,PreU 1,CG 06/26,7,,,,,OG 10,CG 1,True,False,True,False,True,False,False,True,True,True,False,True,True,True,True,True,False,True,True,True,False,False,False,False,True,True,True,True,True,True,False,False,True,True,False,False,True,True,False,True,True,True,True,True,False,True,True,False,True,True,True,True,
2026-02-10 08:53:46 +0800,TEMASEK JUNIOR COLLEGE,PreU 1,CG 06/26,8,,,,,OG 10,CG 1,True,True,True,False,True,True,True,False,True,False,True,True,False,False,True,True,True,True,False,False,False,False,True,False,True,False,True,True,True,True,True,True,True,True,True,True,True,False,True,True,False,True,False,False,False,True,False,False,True,True,True,True,
2026-02-10 08:57:04 +0800,TEMASEK JUNIOR COLLEGE,PreU 1,CG 06/26,9,,,,,OG 3,CG 1,True,True,True,False,True,True,False,False,True,False,False,False,True,False,True,True,False,False,True,False,True,True,True,False,True,True,True,False,True,True,True,False,False,True,False,False,True,False,True,True,False,False,True,True,True,True,False,False,True,True,True,True,
2026-02-10 09:04:09 +0800,TEMASEK JUNIOR COLLEGE,PreU 1,CG 06/26,10,,,,,OG 14,CG 1,True,True,True,True,True,True,True,True,True,True,True,True,True,True,True,True,True,True,True,True,True,True,True,True,True,True,True,True,True,True,True,True,True,True,True,True,True,True,True,True,True,True,True,True,True,True,True,True,True,True,True,True,
2026-02-10 08:52:50 +0800,TEMASEK JUNIOR COLLEGE,PreU 1,CG 06/26,11,,,,,OG 9,CG 1,True,True,True,True,True,True,True,True,True,True,True,True,True,True,True,True,True,True,True,True,True,True,True,True,True,True,True,True,True,True,False,True,True,True,True,True,True,True,True,True,True,False,True,True,True,True,True,True,True,True,True,True,
2026-02-10 08:53:49 +0800,TEMASEK JUNIOR COLLEGE,PreU 1,CG 06/26,12,,,,,OG 6,CG 1,False,True,True,True,False,False,True,False,True,False,True,False,False,False,True,False,False,True,True,True,False,False,False,False,True,False,True,False,False,False,True,False,False,True,False,False,True,True,True,True,False,False,False,True,False,True,True,False,False,True,True,True,
2026-02-10 08:56:49 +0800,TEMASEK JUNIOR COLLEGE,PreU 1,CG 06/26,14,,,,,OG 11,CG 1,True,True,True,False,True,False,True,False,True,True,True,False,True,True,True,True,True,True,True,True,True,True,True,True,True,True,True,False,True,True,True,True,True,True,False,True,True,True,True,True,False,True,True,True,False,True,False,False,True,True,True,True,
2026-02-10 08:52:23 +0800,TEMASEK JUNIOR COLLEGE,PreU 1,CG 06/26,16,,,,,OG 19,CG 1,True,True,True,True,True,True,True,False,True,True,False,True,True,True,True,False,True,True,True,True,True,True,True,False,True,True,True,True,True,True,False,True,True,False,True,True,False,False,False,True,True,True,True,True,False,True,True,True,True,True,True,True,
2026-02-10 08:57:27 +0800,TEMASEK JUNIOR COLLEGE,PreU 1,CG 06/26,17,,,,,OG 3,CG 1,True,True,True,True,True,True,True,True,True,True,True,True,True,True,True,True,True,True,True,True,True,True,True,True,True,True,True,True,True,True,True,True,True,True,True,True,True,True,True,True,True,True,True,True,True,True,True,True,True,True,True,True,
2026-02-10 08:55:55 +0800,TEMASEK JUNIOR COLLEGE,PreU 1,CG 06/26,18,,,,,OG 16,CG 1,True,True,True,True,True,True,True,True,True,True,True,True,True,True,True,True,True,True,True,False,True,False,False,False,True,False,False,False,True,False,True,False,False,False,True,True,True,True,True,False,False,False,True,True,True,True,True,True,True,True,True,False,
2026-02-10 08:59:47 +0800,TEMASEK JUNIOR COLLEGE,PreU 1,CG 06/26,19,,,,,OG 14,CG 1,True,True,True,True,True,True,False,True,True,True,True,True,True,True,False,True,True,True,False,True,True,False,False,True,True,True,True,True,True,True,True,False,True,True,True,False,True,True,True,True,True,False,True,True,True,True,True,False,False,False,True,True,
2026-02-10 08:55:10 +0800,TEMASEK JUNIOR COLLEGE,PreU 1,CG 06/26,20,,,,,OG 1,CG 1,True,True,True,False,True,True,True,True,True,True,True,True,True,True,True,True,True,True,True,True,False,False,True,False,True,False,True,False,True,True,False,False,False,True,False,False,False,True,False,True,False,False,False,True,False,True,False,True,True,False,True,True,
2026-02-10 08:54:40 +0800,TEMASEK JUNIOR COLLEGE,PreU 1,CG 06/26,21,,,,,OG 3,CG 1,False,True,True,True,True,False,True,False,True,True,True,False,False,False,True,True,False,False,True,False,False,False,True,False,True,False,False,False,False,False,False,True,False,True,True,False,False,False,False,False,False,False,True,True,False,True,True,False,True,True,True,True,
2026-02-10 08:56:27 +0800,TEMASEK JUNIOR COLLEGE,PreU 1,CG 06/26,22,,,,,OG 4,CG 1,True,True,True,True,True,True,True,False,True,True,True,True,True,True,True,True,True,False,False,True,True,True,True,False,True,True,False,True,True,True,True,True,True,True,False,True,True,False,True,True,True,True,True,True,True,True,True,True,True,True,False,True,
2026-02-10 08:58:12 +0800,TEMASEK JUNIOR COLLEGE,PreU 1,CG 06/26,23,,,,,OG 18,CG 1,True,True,True,True,True,True,False,True,True,True,True,True,True,True,True,True,True,True,True,True,True,True,True,True,True,True,True,True,True,True,True,True,False,True,True,True,True,True,True,True,True,True,True,True,True,True,True,True,True,True,True,True,
2026-02-10 09:03:10 +0800,TEMASEK JUNIOR COLLEGE,PreU 1,CG 06/26,24,,,,,OG 13,CG 1,True,True,True,True,True,True,True,True,False,False,False,True,True,True,True,True,False,True,False,True,True,True,True,True,True,True,True,True,True,True,True,True,False,True,True,True,True,False,False,True,True,True,True,True,True,True,True,True,True,True,True,True,
2026-02-10 08:58:17 +0800,TEMASEK JUNIOR COLLEGE,PreU 1,CG 07/26,1,,,,,OG 11,CG 1,True,True,True,False,True,True,True,True,True,True,True,True,True,True,True,True,True,True,True,True,True,True,True,True,True,True,True,True,True,True,True,True,False,True,True,True,False,True,False,True,True,True,True,True,True,True,True,True,True,True,True,True,
2026-02-10 08:57:16 +0800,TEMASEK JUNIOR COLLEGE,PreU 1,CG 07/26,2,,,,,OG 8,CG 1,True,False,True,False,True,True,True,True,True,True,False,True,True,True,True,True,False,True,True,True,True,True,False,True,True,True,True,True,True,True,True,True,True,True,True,True,True,False,True,True,True,True,True,True,True,True,True,False,True,True,True,True,
2026-02-10 08:56:14 +0800,TEMASEK JUNIOR COLLEGE,PreU 1,CG 07/26,3,,,,,OG 14,CG 1,True,True,True,True,True,True,True,True,True,True,True,True,True,True,True,True,True,True,True,True,True,True,True,True,True,True,True,True,True,True,True,True,True,True,True,True,True,True,True,True,True,True,True,True,True,True,True,True,True,True,True,True,Nil
2026-02-10 08:52:10 +0800,TEMASEK JUNIOR COLLEGE,PreU 1,CG 07/26,4,,,,,OG 8,CG 1,True,True,True,True,True,True,False,True,False,True,True,True,True,True,True,False,True,True,True,True,False,False,True,False,True,True,True,True,True,True,False,True,True,True,True,True,True,True,True,False,True,True,True,True,True,True,True,True,True,True,True,True,
2026-02-10 09:01:17 +0800,TEMASEK JUNIOR COLLEGE,PreU 1,CG 07/26,5,,,,,OG 5,CG 1,True,True,True,True,True,True,True,True,True,True,True,True,True,True,True,True,True,True,True,True,True,True,True,True,True,True,True,True,True,True,True,True,True,True,True,True,True,True,True,True,True,True,True,True,True,True,True,True,True,True,True,True,
2026-02-10 08:58:50 +0800,TEMASEK JUNIOR COLLEGE,PreU 1,CG 07/26,6,,,,,OG 4,CG 1,True,False,True,True,True,True,False,False,False,True,False,True,True,False,True,False,True,False,False,True,True,False,False,False,True,True,True,False,True,True,True,True,False,True,False,False,True,False,True,True,True,True,True,True,True,True,True,False,False,False,True,True,
2026-02-10 08:54:28 +0800,TEMASEK JUNIOR COLLEGE,PreU 1,CG 07/26,7,,,,,OG 13,CG 1,True,True,True,True,True,True,True,True,True,True,True,True,True,True,True,True,True,True,True,True,True,True,True,True,True,True,True,True,True,True,True,True,True,True,True,True,True,True,True,True,True,True,True,True,True,True,True,True,True,True,True,True,
2026-02-10 08:55:15 +0800,TEMASEK JUNIOR COLLEGE,PreU 1,CG 07/26,8,,,,,OG 12,CG 1,True,True,True,False,True,True,True,True,True,True,False,True,True,True,True,True,True,False,False,True,True,True,True,True,True,False,True,True,True,True,True,True,False,True,True,False,False,False,True,True,True,False,True,True,True,True,True,True,True,True,True,True,
2026-02-10 08:58:31 +0800,TEMASEK JUNIOR COLLEGE,PreU 1,CG 07/26,9,,,,,OG 15,CG 1,False,True,True,False,False,True,True,True,True,False,True,False,True,True,True,True,False,True,True,False,False,False,True,False,True,False,False,False,True,True,True,False,False,False,False,False,False,True,True,True,True,True,True,True,False,True,True,True,True,False,True,True,
2026-02-10 08:57:51 +0800,TEMASEK JUNIOR COLLEGE,PreU 1,CG 07/26,10,,,,,OG 11,CG 1,True,True,True,True,True,True,True,True,True,True,True,True,True,True,True,True,True,True,True,True,True,True,True,True,True,True,True,True,True,True,True,True,True,True,True,True,True,True,True,True,True,True,True,True,True,True,True,True,True,True,True,True,
2026-02-10 08:54:34 +0800,TEMASEK JUNIOR COLLEGE,PreU 1,CG 07/26,12,,,,,OG 5,CG 1,True,True,True,True,True,True,False,True,True,True,True,True,True,True,True,True,True,True,True,True,True,True,True,True,True,True,True,False,False,True,True,False,True,True,True,True,True,False,True,True,True,False,True,True,True,True,True,False,True,True,True,True,
2026-02-10 09:17:13 +0800,TEMASEK JUNIOR COLLEGE,PreU 1,CG 07/26,13,,,,,OG 20,CG 1,True,False,True,True,True,True,False,True,True,True,False,False,False,False,True,False,True,False,True,False,False,False,False,False,True,False,False,True,True,False,False,True,False,False,True,False,True,False,True,False,False,False,True,False,False,True,True,False,True,True,True,True,Nil
2026-02-10 08:53:25 +0800,TEMASEK JUNIOR COLLEGE,PreU 1,CG 07/26,14,,,,,OG 2,CG 1,True,True,True,True,True,False,True,True,True,True,True,True,True,True,True,True,True,True,True,True,True,True,True,True,True,True,True,True,True,True,True,True,True,True,True,True,False,True,True,True,True,True,True,True,True,True,True,True,True,True,True,True,
2026-02-10 08:55:49 +0800,TEMASEK JUNIOR COLLEGE,PreU 1,CG 07/26,15,,,,,OG 11,CG 1,True,True,True,True,True,True,False,True,True,True,True,True,True,True,True,True,True,True,True,True,True,False,True,False,True,True,True,True,True,True,True,True,True,True,True,True,True,True,True,True,False,True,True,True,True,True,False,True,True,True,True,True,
2026-02-10 08:54:11 +0800,TEMASEK JUNIOR COLLEGE,PreU 1,CG 07/26,16,,,,,OG 14,CG 1,True,True,True,False,True,False,True,False,True,False,False,True,False,False,True,False,True,True,True,True,False,False,True,False,True,False,False,True,True,True,True,False,True,True,False,True,True,True,True,True,True,False,False,False,False,True,True,True,False,False,True,True,
2026-02-10 08:57:11 +0800,TEMASEK JUNIOR COLLEGE,PreU 1,CG 07/26,17,,,,,OG 4,CG 1,True,True,True,False,False,True,False,True,True,True,False,False,True,True,True,True,False,True,True,True,True,True,True,True,True,True,True,True,True,True,True,True,True,True,True,True,False,True,True,True,True,True,True,True,True,True,True,True,True,True,True,True,
2026-02-10 08:59:12 +0800,TEMASEK JUNIOR COLLEGE,PreU 1,CG 07/26,18,,,,,OG 12,CG 1,True,True,True,True,True,True,True,True,True,True,False,True,True,True,True,True,True,True,True,True,True,True,True,True,True,True,True,True,True,True,True,True,True,True,True,True,True,True,True,True,True,True,True,True,True,True,True,True,True,True,True,True,
2026-02-10 08:53:31 +0800,TEMASEK JUNIOR COLLEGE,PreU 1,CG 07/26,20,,,,,OG 9,CG 1,True,True,True,True,True,True,True,True,True,True,True,True,True,True,True,True,True,True,False,True,True,True,True,True,True,True,True,True,True,True,True,True,True,True,True,True,True,True,True,True,True,True,True,True,True,True,True,True,True,True,True,True,
2026-02-10 08:58:43 +0800,TEMASEK JUNIOR COLLEGE,PreU 1,CG 07/26,22,,,,,OG 3,CG 1,True,True,True,True,True,False,True,True,True,True,True,True,True,True,True,True,True,True,True,False,True,False,True,True,True,True,True,True,True,True,False,True,True,True,True,True,True,True,True,True,True,True,True,True,True,True,True,False,True,True,True,True,
2026-02-10 08:54:23 +0800,TEMASEK JUNIOR COLLEGE,PreU 1,CG 07/26,23,,,,,OG 19,CG 1,True,True,True,True,True,True,False,True,True,False,True,True,True,True,True,False,True,True,True,False,True,False,True,True,True,True,False,True,True,True,True,True,True,True,False,True,True,True,True,True,False,True,True,True,True,True,True,True,False,False,True,True,
2026-02-10 15:42:12 +0800,TEMASEK JUNIOR COLLEGE,PreU 1,CG 07/26,25,,,,,OG 5,CG 1,False,False,True,False,True,True,True,True,True,True,False,True,True,True,True,False,True,True,True,True,True,False,False,False,True,True,True,True,True,True,True,True,True,True,False,False,True,True,True,True,True,False,False,True,False,True,True,False,False,False,False,True,
2026-02-10 08:55:44 +0800,TEMASEK JUNIOR COLLEGE,PreU 1,CG 08/26,1,,,,,OG 16,CG 1,True,True,True,True,True,False,True,True,True,True,False,True,True,False,True,True,False,False,True,True,True,False,True,True,True,True,True,False,True,True,True,False,True,True,True,True,True,True,True,True,True,True,False,True,True,True,True,False,True,True,True,True,
2026-02-10 09:00:45 +0800,TEMASEK JUNIOR COLLEGE,PreU 1,CG 08/26,2,,,,,OG 10,CG 6,True,True,True,True,True,False,True,False,True,True,False,False,True,True,True,True,True,True,True,False,False,False,False,False,True,False,False,True,True,True,True,False,False,True,True,False,True,True,True,False,True,False,False,True,True,False,True,True,True,True,True,True,
2026-02-10 08:56:14 +0800,TEMASEK JUNIOR COLLEGE,PreU 1,CG 08/26,3,,,,,OG 3,CG 1,True,True,True,True,False,True,False,True,True,True,True,True,True,True,True,False,False,True,True,True,True,False,True,False,True,True,True,True,True,True,False,True,True,True,True,True,False,True,True,True,True,True,True,True,True,True,True,True,True,True,True,True,
2026-02-10 08:58:21 +0800,TEMASEK JUNIOR COLLEGE,PreU 1,CG 08/26,4,,,,,OG 12,CG 1,True,True,True,True,True,True,True,False,True,False,False,True,True,True,True,True,True,True,False,True,True,False,True,True,True,True,True,False,True,True,True,True,True,True,True,False,False,False,True,True,True,True,True,True,True,True,True,False,False,False,True,True,
2026-02-10 08:55:57 +0800,TEMASEK JUNIOR COLLEGE,PreU 1,CG 08/26,5,,,,,OG 10,CG 1,False,True,True,False,False,False,False,False,True,True,False,False,False,False,True,False,False,True,True,False,False,True,False,True,True,False,False,False,True,False,True,False,False,False,True,False,True,False,True,False,False,False,False,False,False,True,True,False,False,False,False,True,
2026-02-10 08:51:46 +0800,TEMASEK JUNIOR COLLEGE,PreU 1,CG 08/26,6,,,,,OG 11,CG 1,True,True,True,True,True,True,True,True,True,True,True,True,True,True,True,True,False,True,True,True,True,True,True,False,True,True,True,True,True,True,True,True,True,True,True,True,True,True,True,True,False,True,True,True,True,True,True,True,True,True,True,True,
2026-02-10 08:51:11 +0800,TEMASEK JUNIOR COLLEGE,PreU 1,CG 08/26,7,,,,,OG 15,CG 1,True,True,True,True,True,True,True,True,True,True,True,True,True,True,True,True,True,True,True,True,True,True,True,True,True,True,True,True,True,True,True,True,True,True,True,True,True,True,True,True,True,True,True,True,True,True,True,True,True,True,True,True,
2026-02-10 08:53:52 +0800,TEMASEK JUNIOR COLLEGE,PreU 1,CG 08/26,8,,,,,OG 3,CG 1,True,True,True,True,True,True,True,True,True,True,True,False,True,True,True,True,False,True,True,True,True,True,True,True,True,True,True,True,True,True,True,True,True,True,True,True,False,True,True,True,True,True,True,True,True,True,True,True,True,True,True,True,
2026-02-10 08:57:23 +0800,TEMASEK JUNIOR COLLEGE,PreU 1,CG 08/26,9,,,,,OG 2,CG 1,True,True,True,True,True,True,True,True,True,True,True,True,True,False,True,True,True,False,True,False,False,False,True,False,True,False,True,True,True,True,True,True,False,True,True,True,True,True,True,True,False,True,True,True,True,True,False,False,True,True,True,True,
2026-02-10 08:53:08 +0800,TEMASEK JUNIOR COLLEGE,PreU 1,CG 08/26,10,,,,,OG 18,CG 1,True,True,True,True,True,True,True,True,True,True,True,True,True,True,True,True,True,True,True,True,True,True,True,True,True,True,True,True,True,True,True,True,True,True,True,True,True,True,True,True,True,True,True,True,True,True,True,True,True,True,True,True,
2026-02-10 08:52:42 +0800,TEMASEK JUNIOR COLLEGE,PreU 1,CG 08/26,11,,,,,OG 20,CG 1,True,True,True,True,True,True,True,True,True,True,True,True,True,True,True,True,True,True,True,True,True,True,True,True,True,True,True,True,True,True,True,True,True,True,True,True,True,True,True,True,True,True,True,True,True,True,True,True,True,True,True,True,
2026-02-10 08:58:31 +0800,TEMASEK JUNIOR COLLEGE,PreU 1,CG 08/26,12,,,,,OG 18,CG 1,True,True,True,True,True,False,False,True,True,True,True,False,True,True,True,True,True,True,True,True,True,False,True,False,True,True,True,False,True,True,False,False,True,False,False,True,True,True,True,True,True,True,True,True,True,True,True,False,True,False,True,True,
2026-02-10 09:02:10 +0800,TEMASEK JUNIOR COLLEGE,PreU 1,CG 08/26,13,,,,,OG 5,CG 1,True,True,True,True,False,False,True,False,True,False,False,False,False,False,True,True,False,True,True,True,False,False,True,False,True,True,False,False,False,False,True,False,True,False,False,False,False,False,True,True,False,False,True,True,False,True,False,True,False,False,True,True,
2026-02-10 08:56:07 +0800,TEMASEK JUNIOR COLLEGE,PreU 1,CG 08/26,15,,,,,OG 12,CG 1,True,True,True,False,True,False,True,True,True,True,False,False,True,True,True,True,True,False,True,True,False,True,True,False,True,True,True,True,True,True,True,True,True,True,False,True,True,True,True,True,True,True,True,True,False,True,True,True,True,True,True,True,
2026-02-10 08:59:52 +0800,TEMASEK JUNIOR COLLEGE,PreU 1,CG 08/26,17,,,,,OG 20,CG 1,True,False,True,True,True,False,True,True,True,True,False,True,True,True,True,True,True,False,True,True,False,False,True,False,True,True,True,True,True,True,False,True,True,True,False,True,False,False,True,True,True,True,True,True,True,True,True,False,True,False,True,True,
2026-02-10 08:54:30 +0800,TEMASEK JUNIOR COLLEGE,PreU 1,CG 08/26,18,,,,,OG 4,CG 1,True,True,True,True,True,True,True,True,True,True,True,True,True,True,True,True,True,True,True,True,True,False,True,True,True,True,True,True,False,True,True,True,True,True,True,True,True,True,True,False,True,True,True,True,True,True,True,True,True,True,True,True,
2026-02-10 08:58:06 +0800,TEMASEK JUNIOR COLLEGE,PreU 1,CG 08/26,19,,,,,OG 17,CG 1,False,True,True,False,False,True,True,False,False,False,True,False,True,True,True,True,False,False,True,False,False,False,True,False,True,False,True,False,True,False,True,False,False,False,True,False,False,True,True,False,True,True,False,False,False,True,False,True,False,True,True,True,
2026-02-10 09:00:38 +0800,TEMASEK JUNIOR COLLEGE,PreU 1,CG 08/26,20,,,,,OG 7,CG 1,True,True,True,True,True,True,True,True,True,True,True,True,True,True,True,True,True,True,True,True,True,True,True,True,True,True,True,True,True,True,True,True,True,True,True,True,True,True,True,True,True,True,True,True,True,True,True,True,True,True,True,True,
2026-02-10 09:00:28 +0800,TEMASEK JUNIOR COLLEGE,PreU 1,CG 08/26,21,,,,,OG 19,CG 1,True,True,True,False,True,True,True,True,False,True,False,True,True,False,True,True,True,True,True,True,True,False,True,False,True,True,True,True,False,True,True,True,False,True,True,True,True,True,True,True,True,False,False,True,True,True,True,True,True,True,True,True,
2026-02-10 08:57:24 +0800,TEMASEK JUNIOR COLLEGE,PreU 1,CG 08/26,22,,,,,OG 6,CG 1,False,True,True,False,True,False,True,False,True,True,False,False,True,True,True,False,False,True,False,True,False,False,False,False,True,True,True,False,True,True,True,False,False,True,False,False,True,False,True,True,False,True,False,False,True,True,True,False,False,False,True,True,
2026-02-10 08:56:37 +0800,TEMASEK JUNIOR COLLEGE,PreU 1,CG 08/26,23,,,,,OG 7,CG 1,True,True,True,False,True,True,True,False,True,False,True,False,True,True,True,True,False,True,True,True,True,True,True,True,True,False,True,True,False,True,True,True,True,True,True,True,False,True,True,True,False,True,True,True,False,True,True,True,True,True,True,True,
2026-02-10 08:54:05 +0800,TEMASEK JUNIOR COLLEGE,PreU 1,CG 08/26,24,,,,,OG 16,CG 1,True,True,True,True,False,True,True,True,True,True,False,True,True,False,False,True,False,True,False,True,True,True,False,True,True,True,True,True,True,True,False,True,False,True,True,True,True,False,True,True,True,True,True,True,True,False,True,True,True,False,True,True,
2026-02-10 08:59:03 +0800,TEMASEK JUNIOR COLLEGE,PreU 1,CG 08/26,25,,,,,OG 14,CG 1,True,True,True,False,True,True,True,False,True,True,False,True,True,True,True,True,True,True,False,True,False,False,True,True,True,True,True,False,True,True,True,True,True,True,True,False,False,True,True,True,True,True,True,True,True,True,True,False,True,True,True,True,
2026-02-10 08:54:56 +0800,TEMASEK JUNIOR COLLEGE,PreU 1,CG 09/26,1,,,,,OG 1,CG 1,False,True,True,True,True,False,True,True,False,True,False,True,True,True,False,True,False,True,True,True,True,False,True,False,True,True,False,False,False,False,True,True,True,False,False,False,True,True,True,True,True,True,True,True,True,True,True,True,False,False,True,True,
2026-02-10 08:57:55 +0800,TEMASEK JUNIOR COLLEGE,PreU 1,CG 09/26,2,,,,,OG 17,CG 1,True,False,True,False,True,True,True,True,True,True,False,True,True,True,True,True,False,True,True,True,True,False,True,True,True,True,True,True,True,True,True,True,True,True,True,True,True,False,True,True,True,True,True,True,True,True,True,True,True,True,True,True,
2026-02-10 08:57:03 +0800,TEMASEK JUNIOR COLLEGE,PreU 1,CG 09/26,3,,,,,OG 14,CG 1,True,True,True,True,True,False,True,True,True,True,True,True,True,True,True,True,False,True,False,True,True,False,True,True,True,True,True,True,True,True,True,True,True,True,False,True,True,True,True,True,False,True,True,True,True,True,True,True,True,True,True,True,
2026-02-10 08:54:52 +0800,TEMASEK JUNIOR COLLEGE,PreU 1,CG 09/26,4,,,,,OG 19,CG 1,True,True,True,True,True,True,True,True,True,True,True,False,True,True,True,True,True,True,True,True,True,True,True,True,False,True,True,True,True,True,True,True,True,True,True,True,True,True,True,True,False,False,True,True,True,True,True,True,True,True,True,True,
2026-02-10 09:03:02 +0800,TEMASEK JUNIOR COLLEGE,PreU 1,CG 09/26,5,,,,,OG 6,CG 1,True,False,True,True,True,False,True,False,True,False,True,False,True,True,True,True,False,True,True,True,True,False,True,True,True,True,True,False,True,True,False,True,True,True,False,True,False,True,True,True,False,True,True,True,True,True,False,True,True,True,True,True,
2026-02-10 08:52:41 +0800,TEMASEK JUNIOR COLLEGE,PreU 1,CG 09/26,6,,,,,OG 11,CG 1,True,True,True,True,True,True,False,True,True,True,True,False,True,True,True,True,False,True,True,True,True,True,True,True,True,True,True,True,True,True,True,True,True,False,True,True,True,True,True,True,True,False,True,True,True,True,True,True,True,True,True,True,
2026-02-10 08:51:27 +0800,TEMASEK JUNIOR COLLEGE,PreU 1,CG 09/26,7,,,,,OG 6,CG 1,True,True,True,True,True,True,True,True,True,True,True,True,True,True,True,True,True,True,True,True,True,True,True,True,True,True,True,True,True,True,True,True,True,True,True,True,True,True,True,True,True,True,True,True,True,True,True,True,True,True,True,True,
2026-02-10 08:56:11 +0800,TEMASEK JUNIOR COLLEGE,PreU 1,CG 09/26,8,,,,,OG 20,CG 1,True,True,True,True,True,True,True,True,True,True,True,False,True,True,True,True,False,True,True,True,True,True,True,True,True,True,True,True,True,True,False,True,True,True,True,True,False,True,True,True,True,True,True,True,True,True,True,True,True,True,True,True,
2026-02-10 08:54:51 +0800,TEMASEK JUNIOR COLLEGE,PreU 1,CG 09/26,9,,,,,OG 2,CG 1,True,True,True,False,True,False,True,True,True,True,False,True,True,False,True,True,True,False,True,False,False,False,False,True,True,False,False,True,True,True,True,True,False,True,False,True,False,True,True,False,True,True,True,True,True,True,True,True,True,True,False,True,
2026-02-10 08:55:02 +0800,TEMASEK JUNIOR COLLEGE,PreU 1,CG 09/26,10,,,,,OG 15,CG 1,False,False,True,False,True,True,False,True,True,False,False,False,True,True,True,True,False,True,True,False,False,False,False,True,True,False,True,True,False,False,True,True,True,True,False,False,True,False,True,True,True,False,True,True,True,True,True,True,True,True,True,True,
2026-02-10 09:08:40 +0800,TEMASEK JUNIOR COLLEGE,PreU 1,CG 09/26,11,,,,,OG 7,CG 1,True,True,True,True,True,True,False,False,True,True,False,False,True,True,True,True,False,True,True,False,True,True,True,True,True,False,True,True,True,True,True,False,True,True,False,True,True,False,True,True,True,True,True,True,True,True,True,True,True,True,True,True,
2026-02-10 08:56:20 +0800,TEMASEK JUNIOR COLLEGE,PreU 1,CG 09/26,12,,,,,OG 15,CG 1,True,True,True,True,True,True,True,True,True,True,True,True,True,True,True,True,True,True,True,True,True,True,True,True,True,True,True,True,True,True,True,False,True,False,False,True,False,True,True,True,True,True,True,True,True,True,True,True,True,True,True,True,
2026-02-10 08:58:17 +0800,TEMASEK JUNIOR COLLEGE,PreU 1,CG 09/26,13,,,,,OG 8,CG 1,True,True,True,True,True,True,True,False,True,True,True,True,True,True,True,True,True,True,True,True,False,False,True,True,True,True,False,True,True,True,False,True,True,True,True,False,True,True,True,True,False,True,True,True,True,True,True,True,True,True,True,True,
2026-02-10 09:00:19 +0800,TEMASEK JUNIOR COLLEGE,PreU 1,CG 09/26,14,,,,,OG 5,CG 5,True,True,True,True,True,True,True,True,True,True,True,False,False,False,True,True,False,True,False,True,False,False,True,False,True,True,False,False,True,True,True,True,True,True,True,True,False,True,True,True,True,True,True,True,True,True,True,False,False,True,True,True,
2026-02-10 08:54:45 +0800,TEMASEK JUNIOR COLLEGE,PreU 1,CG 09/26,15,,,,,OG 17,CG 1,True,True,True,True,True,True,True,True,True,True,True,True,True,True,True,True,True,True,True,True,True,True,True,True,True,True,True,True,True,True,False,True,True,True,True,True,True,True,True,True,True,True,True,True,True,True,True,True,True,True,True,True,
2026-02-10 08:52:50 +0800,TEMASEK JUNIOR COLLEGE,PreU 1,CG 09/26,16,,,,,OG 6,CG 1,True,False,True,True,True,True,True,True,True,True,False,True,True,True,True,False,True,True,True,True,False,False,True,True,True,True,True,True,True,True,False,True,True,True,True,True,True,True,True,True,True,True,True,True,True,True,True,False,True,True,True,True,
2026-02-10 08:53:52 +0800,TEMASEK JUNIOR COLLEGE,PreU 1,CG 09/26,17,,,,,OG 3,CG 1,False,False,True,True,False,False,False,False,True,False,False,True,False,True,True,False,False,True,True,True,False,False,False,False,True,False,True,True,False,False,False,True,False,False,True,True,True,False,True,True,False,False,True,False,True,True,False,False,True,False,True,True,
2026-02-10 08:54:32 +0800,TEMASEK JUNIOR COLLEGE,PreU 1,CG 09/26,18,,,,,OG 18,CG 1,True,True,True,True,True,True,True,True,True,True,True,True,True,True,True,True,True,True,True,True,True,True,True,False,True,True,True,False,True,True,True,True,True,False,True,True,False,True,True,True,True,True,True,True,True,True,True,True,True,False,True,True,
2026-02-10 08:52:09 +0800,TEMASEK JUNIOR COLLEGE,PreU 1,CG 09/26,19,,,,,OG 8,CG 1,True,False,True,True,True,True,True,False,True,False,False,True,True,False,True,True,True,True,False,True,True,False,False,True,True,True,True,True,True,True,False,True,True,False,False,True,False,False,True,True,False,True,True,True,False,True,True,True,False,True,True,True,
2026-02-10 08:53:56 +0800,TEMASEK JUNIOR COLLEGE,PreU 1,CG 09/26,20,,,,,OG 17,CG 1,True,True,True,True,True,True,True,True,True,True,True,True,True,True,True,True,True,True,False,False,False,True,True,True,True,True,True,True,True,True,False,True,False,True,False,True,False,True,True,True,False,True,True,True,True,True,True,False,False,True,True,True,
2026-02-10 08:53:50 +0800,TEMASEK JUNIOR COLLEGE,PreU 1,CG 09/26,21,,,,,OG 6,CG 1,False,True,True,False,True,True,True,False,True,True,False,False,False,False,True,True,True,True,False,True,False,False,False,False,True,True,True,False,False,False,False,False,True,True,True,False,True,False,True,True,False,False,False,True,False,True,False,False,False,False,True,True,
2026-02-10 08:59:23 +0800,TEMASEK JUNIOR COLLEGE,PreU 1,CG 09/26,22,,,,,OG 3,CG 1,True,True,True,True,True,True,True,True,True,True,True,True,True,True,True,True,True,True,True,True,True,True,True,True,True,True,True,True,True,True,True,True,True,True,True,True,True,True,True,True,True,True,True,True,True,True,True,True,True,True,True,True,
2026-02-10 08:55:25 +0800,TEMASEK JUNIOR COLLEGE,PreU 1,CG 09/26,23,,,,,OG 19,CG 1,True,True,True,False,True,False,True,False,True,True,False,True,True,False,True,True,True,False,True,True,True,False,False,True,True,True,True,False,True,True,True,True,False,True,False,True,True,False,True,False,True,True,True,True,False,True,True,True,False,False,True,True,
2026-02-10 08:57:18 +0800,TEMASEK JUNIOR COLLEGE,PreU 1,CG 09/26,24,,,,,OG 17,CG 1,True,True,True,True,True,True,True,True,True,True,True,True,True,True,True,True,False,True,True,True,True,True,True,False,True,False,True,True,True,True,True,True,True,True,True,True,True,True,True,True,True,True,True,True,True,True,True,True,True,True,True,True,
2026-02-10 08:52:39 +0800,TEMASEK JUNIOR COLLEGE,PreU 1,CG 09/26,25,,,,,OG 17,CG 1,True,True,True,True,True,True,False,True,True,True,True,True,False,True,True,False,True,True,True,True,True,True,True,False,True,True,True,True,True,True,True,True,True,True,True,True,True,True,True,True,True,True,True,True,True,True,True,True,True,True,True,True,
2026-02-10 08:51:44 +0800,TEMASEK JUNIOR COLLEGE,PreU 1,CG 09/26,26,,,,,OG 10,CG 1,True,True,True,True,True,True,True,True,True,True,True,True,True,True,True,True,True,True,True,True,True,True,True,True,True,True,True,True,True,True,True,True,True,True,True,True,True,True,True,True,True,True,True,True,True,True,True,True,True,True,True,True,
2026-02-10 08:53:36 +0800,TEMASEK JUNIOR COLLEGE,PreU 1,CG 09/26,27,,,,,OG 16,CG 1,True,True,True,True,True,True,True,True,True,True,True,True,True,True,True,True,False,True,True,True,True,False,True,True,False,True,True,True,True,True,True,True,True,True,True,True,True,True,True,True,True,True,True,True,True,True,False,True,True,True,True,True,Nil
2026-02-10 08:51:18 +0800,TEMASEK JUNIOR COLLEGE,PreU 1,CG 10/26,1,,,,,OG 11,CG 1,True,True,True,True,True,False,True,True,True,True,True,True,True,True,True,True,True,True,True,True,True,True,True,False,True,True,True,False,True,True,True,True,True,True,True,True,True,True,True,True,True,True,False,True,True,True,True,False,True,True,True,True,
2026-02-10 08:59:31 +0800,TEMASEK JUNIOR COLLEGE,PreU 1,CG 10/26,2,,,,,OG 6,CG 1,False,False,True,True,True,False,True,False,True,False,True,False,True,True,True,False,False,True,True,True,True,False,True,True,True,True,True,False,False,True,True,True,True,False,True,False,False,False,True,True,False,True,True,True,True,True,True,False,False,False,True,True,
2026-02-10 08:56:57 +0800,TEMASEK JUNIOR COLLEGE,PreU 1,CG 10/26,4,,,,,OG 16,CG 1,True,True,True,False,True,True,False,True,True,True,False,True,True,True,True,True,False,True,True,True,True,True,True,True,False,True,True,True,True,True,True,False,True,True,True,True,False,True,True,True,True,True,True,True,True,True,True,True,True,True,True,True,
2026-02-10 08:57:27 +0800,TEMASEK JUNIOR COLLEGE,PreU 1,CG 10/26,5,,,,,OG 13,CG 1,True,False,True,True,True,True,False,False,True,True,True,True,True,True,True,True,False,True,False,True,True,False,False,True,True,True,True,False,True,True,True,True,True,True,True,False,True,False,True,True,True,True,True,True,True,True,True,True,False,False,True,True,
2026-02-10 08:56:26 +0800,TEMASEK JUNIOR COLLEGE,PreU 1,CG 10/26,6,,,,,OG 2,CG 1,True,True,True,False,True,False,True,True,True,True,False,True,True,False,True,True,True,False,False,True,True,False,False,True,True,True,True,True,True,True,True,True,True,True,True,False,True,False,True,False,True,True,True,True,True,True,True,True,True,False,True,True,
2026-02-10 08:59:16 +0800,TEMASEK JUNIOR COLLEGE,PreU 1,CG 10/26,7,,,,,OG 7,CG 1,False,True,True,False,False,False,True,False,True,True,False,False,False,True,True,False,False,True,True,False,False,False,True,False,True,False,True,False,False,True,True,True,True,False,True,False,False,True,True,True,True,False,True,True,False,True,True,False,False,True,True,True,
2026-02-10 08:57:29 +0800,TEMASEK JUNIOR COLLEGE,PreU 1,CG 10/26,8,,,,,OG 13,CG 13,True,True,True,True,True,True,False,True,True,True,True,True,True,False,True,True,True,True,True,True,True,True,True,True,True,True,True,True,True,True,True,True,True,True,True,True,True,True,True,True,True,True,True,True,True,True,True,True,True,True,True,True,
2026-02-10 08:52:59 +0800,TEMASEK JUNIOR COLLEGE,PreU 1,CG 10/26,9,,,,,OG 7,CG 1,True,False,True,True,True,True,True,True,True,True,False,False,True,False,True,True,False,True,True,False,False,False,False,True,True,True,True,True,True,True,True,True,True,False,True,True,True,False,True,True,True,False,False,True,True,True,True,False,True,True,True,True,
2026-02-10 08:53:13 +0800,TEMASEK JUNIOR COLLEGE,PreU 1,CG 10/26,10,,,,,OG 9,CG 1,True,True,True,True,False,False,False,True,True,True,False,True,True,True,True,True,True,True,False,False,False,True,True,False,True,True,True,True,False,True,False,False,True,True,True,True,True,True,True,True,False,True,True,False,False,True,True,True,True,False,True,True,
2026-02-10 08:56:22 +0800,TEMASEK JUNIOR COLLEGE,PreU 1,CG 10/26,11,,,,,OG 17,CG 1,False,True,True,False,True,True,True,True,True,True,True,False,True,True,True,True,True,True,True,True,True,True,True,True,True,False,True,True,True,True,True,True,True,True,False,True,True,True,True,True,True,False,True,True,True,True,True,True,True,True,True,True,
2026-02-10 08:51:07 +0800,TEMASEK JUNIOR COLLEGE,PreU 1,CG 10/26,12,,,,,OG 15,CG 1,True,True,True,True,True,True,True,True,True,True,True,True,True,True,True,True,True,True,True,True,True,True,True,True,True,True,True,True,True,True,True,True,True,True,True,True,True,True,True,True,True,True,True,True,True,True,True,True,True,True,True,True,
2026-02-10 08:56:29 +0800,TEMASEK JUNIOR COLLEGE,PreU 1,CG 10/26,13,,,,,OG 18,CG 1,True,True,True,True,True,True,True,True,True,True,True,True,True,True,True,True,True,True,True,True,True,False,True,True,True,True,False,True,True,True,True,True,True,True,True,True,True,True,True,True,True,True,False,True,True,True,True,True,True,False,True,True,
2026-02-10 09:03:22 +0800,TEMASEK JUNIOR COLLEGE,PreU 1,CG 10/26,14,,,,,OG 16,CG 1,False,True,True,True,False,False,True,False,True,True,False,True,True,False,True,False,False,True,False,True,False,False,False,False,True,True,True,True,False,True,False,True,True,True,True,True,True,False,True,True,True,True,True,True,True,True,False,True,True,True,True,True,
2026-02-10 08:53:50 +0800,TEMASEK JUNIOR COLLEGE,PreU 1,CG 10/26,15,,,,,OG 2,CG 1,True,True,True,True,True,True,True,False,True,True,False,True,True,True,True,True,True,True,True,True,False,False,False,False,True,True,True,True,True,True,True,True,True,True,True,False,True,False,True,True,True,True,True,True,True,True,True,True,True,True,True,True,
2026-02-10 08:55:20 +0800,TEMASEK JUNIOR COLLEGE,PreU 1,CG 10/26,17,,,,,OG 15,CG 8,True,True,True,True,True,True,True,True,True,True,True,True,True,True,True,True,True,True,True,True,True,True,True,True,True,True,True,True,True,True,False,True,True,True,True,True,True,True,True,True,True,True,True,True,False,True,True,True,True,True,True,True,
2026-02-10 08:53:45 +0800,TEMASEK JUNIOR COLLEGE,PreU 1,CG 10/26,18,,,,,OG 10,CG 1,True,True,True,True,True,True,True,True,True,True,True,False,True,True,True,True,True,True,True,True,True,False,True,True,True,True,True,True,True,True,True,True,True,True,True,True,False,True,True,True,True,True,True,True,True,True,True,True,True,True,True,True,
2026-02-10 08:53:20 +0800,TEMASEK JUNIOR COLLEGE,PreU 1,CG 10/26,19,,,,,OG 14,CG 1,True,True,True,True,True,True,True,True,True,True,True,True,True,True,True,True,True,True,True,True,True,True,True,False,True,True,True,True,False,True,True,True,True,True,True,True,True,True,True,True,True,True,True,True,True,True,True,True,True,True,True,True,
2026-02-10 08:51:18 +0800,TEMASEK JUNIOR COLLEGE,PreU 1,CG 10/26,20,,,,,OG 17,CG 1,True,True,True,True,True,True,True,True,True,True,True,True,True,True,True,True,True,True,True,True,True,True,True,True,True,True,True,True,True,True,True,True,True,True,True,True,True,True,True,True,True,True,True,True,True,True,True,True,True,True,True,True,
2026-02-10 08:59:49 +0800,TEMASEK JUNIOR COLLEGE,PreU 1,CG 10/26,22,,,,,OG 11,CG 1,True,True,True,True,True,True,True,True,True,True,True,True,True,False,True,True,False,False,True,False,True,True,False,True,False,False,True,False,False,True,True,False,True,True,False,True,False,True,True,False,True,False,False,True,True,True,True,False,False,False,True,True,
2026-02-10 08:54:47 +0800,TEMASEK JUNIOR COLLEGE,PreU 1,CG 10/26,23,,,,,OG 10,CG 1,True,True,True,True,True,False,True,True,True,True,True,True,True,True,True,True,True,True,True,True,True,False,True,True,True,True,True,False,True,True,False,True,True,True,True,True,False,False,True,True,True,True,True,True,True,True,True,True,True,False,True,True,
2026-02-10 08:53:02 +0800,TEMASEK JUNIOR COLLEGE,PreU 1,CG 10/26,24,,,,,OG 15,CG 1,True,True,True,True,True,True,True,True,True,True,True,True,True,True,True,True,False,True,True,True,True,True,True,True,True,True,True,True,True,True,True,True,True,True,True,True,True,True,True,True,True,True,True,True,True,True,True,False,True,True,True,True,
2026-02-10 08:55:07 +0800,TEMASEK JUNIOR COLLEGE,PreU 1,CG 10/26,25,,,,,OG 14,CG 1,True,True,True,True,False,True,False,True,True,False,True,True,True,True,True,True,True,True,True,True,True,True,True,True,True,True,True,True,True,True,False,True,True,True,False,False,True,True,True,True,True,True,True,True,True,True,False,True,True,True,True,True,
2026-02-10 08:54:13 +0800,TEMASEK JUNIOR COLLEGE,PreU 1,CG 11/26,1,,,,,OG 16,CG 1,True,True,True,True,True,True,True,False,True,True,True,True,True,True,True,True,True,True,True,True,True,True,True,True,True,True,True,True,True,True,True,True,True,True,True,True,True,True,True,True,True,True,True,True,True,True,True,True,True,True,True,True,
2026-02-10 08:54:06 +0800,TEMASEK JUNIOR COLLEGE,PreU 1,CG 11/26,2,,,,,OG 7,CG 1,True,True,True,True,True,True,True,True,True,True,True,True,True,True,True,False,True,True,True,True,False,True,True,True,True,True,True,True,True,True,True,True,True,True,True,True,True,True,True,True,True,True,True,True,True,True,True,True,True,True,True,True,
2026-02-10 08:56:13 +0800,TEMASEK JUNIOR COLLEGE,PreU 1,CG 11/26,3,,,,,OG 1,CG 1,True,True,True,True,True,True,True,True,True,True,False,True,True,True,True,True,True,True,True,True,True,True,True,True,True,True,True,True,True,True,True,True,True,True,True,True,True,False,True,True,True,False,True,True,True,True,True,True,True,True,True,True,
2026-02-10 08:54:02 +0800,TEMASEK JUNIOR COLLEGE,PreU 1,CG 11/26,4,,,,,OG 19,CG 1,True,False,True,True,True,True,True,False,True,True,True,True,True,False,True,True,False,True,False,True,True,False,True,True,True,True,True,True,True,True,False,True,True,True,True,True,False,True,True,True,True,True,False,True,True,True,True,True,True,True,True,True,
2026-02-10 15:09:13 +0800,TEMASEK JUNIOR COLLEGE,PreU 1,CG 11/26,5,,,,,OG 16,CG 1,True,True,True,True,True,True,False,False,True,False,False,True,True,True,True,True,False,True,True,True,True,False,True,False,True,True,True,False,True,True,False,True,False,True,True,True,True,False,True,True,True,False,True,True,False,True,True,True,True,True,True,True,
2026-02-10 08:58:45 +0800,TEMASEK JUNIOR COLLEGE,PreU 1,CG 11/26,6,,,,,OG 11,CG 1,True,True,True,True,True,True,True,True,True,True,True,False,True,True,True,True,True,True,True,True,True,True,True,True,True,True,True,True,True,True,True,True,True,True,True,True,True,True,True,True,True,True,True,True,True,True,True,True,True,True,True,True,
2026-02-10 08:51:54 +0800,TEMASEK JUNIOR COLLEGE,PreU 1,CG 11/26,7,,,,,OG 8,CG 1,True,True,True,False,True,False,True,False,True,False,False,False,True,False,True,False,True,False,True,True,True,True,True,True,True,False,False,True,False,True,True,False,True,False,False,True,True,True,True,True,True,True,True,True,True,True,True,True,True,False,True,True,
2026-02-10 11:53:15 +0800,TEMASEK JUNIOR COLLEGE,PreU 1,CG 11/26,8,,,,,OG 17,CG 1,True,True,True,True,True,True,True,False,True,True,False,True,True,True,True,False,True,True,True,True,True,True,False,False,True,True,True,False,True,True,True,True,True,True,True,False,False,False,True,True,True,True,False,True,False,True,False,False,False,False,True,True,
2026-02-10 08:58:28 +0800,TEMASEK JUNIOR COLLEGE,PreU 1,CG 11/26,9,,,,,OG 12,CG 1,True,False,True,True,True,False,True,True,True,True,False,False,True,True,True,False,False,True,True,False,True,False,False,False,True,True,True,True,True,True,True,False,True,False,False,True,False,False,False,True,False,False,True,True,True,True,True,False,True,True,True,True,
2026-02-10 08:57:53 +0800,TEMASEK JUNIOR COLLEGE,PreU 1,CG 11/26,10,,,,,OG 1,CG 1,True,True,True,True,True,False,True,True,True,False,True,False,True,True,True,True,True,True,True,True,False,False,True,True,True,True,True,False,True,True,True,True,True,True,True,True,True,False,True,True,True,True,True,True,True,True,True,True,True,True,True,True,
2026-02-10 08:58:19 +0800,TEMASEK JUNIOR COLLEGE,PreU 1,CG 11/26,11,,,,,OG 19,CG 1,True,True,True,False,True,True,True,True,True,True,False,True,True,False,True,True,False,False,True,True,True,False,False,True,False,True,True,False,True,True,True,False,True,True,False,True,False,True,True,False,True,False,True,True,True,True,True,True,True,False,True,True,
2026-02-10 08:58:26 +0800,TEMASEK JUNIOR COLLEGE,PreU 1,CG 11/26,12,,,,,OG 8,CG 1,True,True,True,True,True,True,True,True,True,True,True,True,True,True,True,True,True,True,True,True,True,True,False,True,True,True,True,True,True,True,False,True,True,True,False,True,True,True,True,True,True,True,True,True,False,True,True,True,True,True,True,True,
2026-02-10 08:56:28 +0800,TEMASEK JUNIOR COLLEGE,PreU 1,CG 11/26,13,,,,,OG 18,CG 1,True,True,True,True,True,True,False,False,True,True,False,False,True,False,True,True,False,True,True,True,False,True,True,False,True,True,True,True,True,True,False,True,True,True,True,True,False,True,True,True,False,True,True,True,True,True,True,True,True,True,True,True,
2026-02-10 08:56:56 +0800,TEMASEK JUNIOR COLLEGE,PreU 1,CG 11/26,14,,,,,OG 1,CG 1,False,False,True,False,True,False,True,False,False,True,False,False,False,True,True,True,True,True,False,True,True,False,False,False,True,True,True,True,True,True,True,True,True,False,True,False,False,False,True,True,False,True,True,True,False,True,False,True,True,False,True,True,
2026-02-10 08:55:24 +0800,TEMASEK JUNIOR COLLEGE,PreU 1,CG 11/26,15,,,,,OG 1,CG 1,True,False,True,True,True,False,True,False,True,True,False,True,True,False,True,False,True,True,True,False,False,False,True,False,True,True,False,False,True,True,True,False,False,False,False,False,False,True,True,True,True,True,True,False,True,True,False,True,False,False,True,True,
2026-02-10 08:57:31 +0800,TEMASEK JUNIOR COLLEGE,PreU 1,CG 11/26,16,,,,,OG 6,CG 1,True,True,True,True,True,True,True,True,True,False,False,False,True,True,True,True,False,True,False,False,True,False,True,True,True,True,True,True,True,True,True,True,True,False,False,True,True,True,True,True,True,False,True,True,True,True,True,True,True,True,True,True,
2026-02-10 08:58:54 +0800,TEMASEK JUNIOR COLLEGE,PreU 1,CG 11/26,17,,,,,OG 9,CG 1,True,True,True,True,True,False,False,False,True,True,True,True,False,False,True,True,True,True,True,True,True,False,True,False,True,True,False,False,False,True,True,True,False,True,False,False,True,False,True,True,True,True,True,True,False,True,True,True,False,False,True,True,
2026-02-10 08:56:39 +0800,TEMASEK JUNIOR COLLEGE,PreU 1,CG 11/26,18,,,,,OG 20,CG 1,False,True,True,False,False,True,True,False,True,False,True,False,True,False,True,True,True,True,True,False,True,False,False,False,True,True,True,True,True,True,True,False,False,True,False,False,False,False,True,True,False,True,True,True,False,True,False,True,False,False,True,True,
2026-02-10 08:56:05 +0800,TEMASEK JUNIOR COLLEGE,PreU 1,CG 11/26,19,,,,,OG 4,CG 6,True,True,True,True,True,True,True,True,True,True,True,True,True,True,True,True,True,True,True,True,True,True,True,True,True,True,True,True,True,True,True,True,True,True,True,True,True,True,True,True,True,True,True,True,True,True,True,True,True,True,True,True,
2026-02-10 08:52:23 +0800,TEMASEK JUNIOR COLLEGE,PreU 1,CG 11/26,20,,,,,OG 18,CG 1,True,True,True,True,True,True,False,True,True,True,True,True,True,True,True,True,True,True,True,True,True,True,True,True,True,True,True,True,True,True,True,True,True,True,True,True,False,True,True,True,True,True,True,True,True,True,True,False,True,True,True,True,
2026-02-10 08:54:48 +0800,TEMASEK JUNIOR COLLEGE,PreU 1,CG 11/26,21,,,,,OG 7,CG 1,True,False,True,True,True,True,False,True,True,True,False,True,True,False,True,True,True,True,False,True,True,False,False,True,True,True,True,False,True,False,True,True,True,True,True,True,True,False,True,True,True,True,True,False,True,True,True,False,False,True,True,True,
2026-02-10 08:56:25 +0800,TEMASEK JUNIOR COLLEGE,PreU 1,CG 11/26,22,,,,,OG 13,CG 1,True,True,True,True,True,False,False,True,True,False,True,False,True,False,True,False,True,True,False,True,True,True,True,True,True,True,True,False,True,True,True,True,True,True,False,True,True,True,False,True,True,True,False,False,True,True,True,False,True,True,True,True,
2026-02-10 08:52:05 +0800,TEMASEK JUNIOR COLLEGE,PreU 1,CG 11/26,23,,,,,OG 12,CG 1,True,True,True,True,True,True,True,True,True,True,True,False,True,True,True,True,False,True,True,True,True,False,True,True,True,True,True,True,True,True,True,True,True,True,True,True,False,True,True,True,False,True,True,True,True,True,True,True,True,True,True,True,
2026-02-10 08:57:31 +0800,TEMASEK JUNIOR COLLEGE,PreU 1,CG 11/26,24,,,,,OG 3,CG 1,True,True,True,False,False,True,True,True,True,True,True,True,True,True,True,True,False,True,True,True,True,True,True,False,True,False,True,True,False,True,True,True,True,True,True,True,True,True,True,True,True,False,True,True,True,True,True,False,True,True,True,True,
2026-02-10 09:02:51 +0800,TEMASEK JUNIOR COLLEGE,PreU 1,CG 11/26,25,,,,,OG 7,CG 1,True,True,True,True,True,True,True,True,True,True,True,True,True,True,True,True,True,True,True,True,True,True,True,True,True,True,True,True,True,True,True,True,True,True,True,True,True,True,True,True,True,True,True,True,True,True,True,True,True,True,True,True,
2026-02-10 08:50:31 +0800,TEMASEK JUNIOR COLLEGE,PreU 1,CG 12/26,1,,,,,OG 3,CG 1,True,True,True,False,True,True,False,True,True,True,False,False,True,True,True,True,True,False,True,False,True,True,True,False,True,True,False,True,False,True,True,True,False,True,True,False,True,True,False,True,True,True,True,True,False,True,False,True,True,True,True,True,
2026-02-10 08:58:38 +0800,TEMASEK JUNIOR COLLEGE,PreU 1,CG 12/26,3,,,,,OG 9,CG 1,True,True,True,True,False,True,True,True,False,True,True,False,True,True,True,False,True,True,True,False,True,False,True,True,True,False,True,True,True,True,True,True,True,False,True,False,False,True,False,False,False,False,False,False,True,True,False,True,False,False,True,True,
2026-02-10 08:54:04 +0800,TEMASEK JUNIOR COLLEGE,PreU 1,CG 12/26,4,,,,,OG 3,CG 1,True,False,True,True,True,True,True,True,True,False,False,False,True,False,True,False,True,False,True,True,True,False,False,False,True,True,False,False,True,True,True,True,False,True,False,True,False,False,True,False,True,False,True,True,True,True,True,False,True,False,True,True,
2026-02-10 08:56:36 +0800,TEMASEK JUNIOR COLLEGE,PreU 1,CG 12/26,5,,,,,OG 16,CG 1,True,True,True,False,True,False,True,True,False,True,False,False,True,True,True,True,True,True,True,True,True,False,True,True,True,True,True,True,True,False,True,True,True,True,True,True,False,True,True,True,False,False,True,True,True,True,False,True,True,False,False,True,
2026-02-10 08:59:37 +0800,TEMASEK JUNIOR COLLEGE,PreU 1,CG 12/26,6,,,,,OG 11,CG 1,True,True,True,False,True,True,False,False,True,True,True,False,True,True,True,True,False,True,False,True,True,False,True,False,True,True,True,True,True,True,False,False,True,True,True,True,True,False,True,True,False,True,True,True,False,True,True,True,True,True,True,True,
2026-02-10 08:55:39 +0800,TEMASEK JUNIOR COLLEGE,PreU 1,CG 12/26,7,,,,,OG 18,CG 1,True,True,True,True,True,True,True,True,True,True,True,True,True,True,True,True,True,True,True,True,True,True,True,True,True,True,True,True,True,True,True,True,True,True,True,True,True,True,True,True,True,True,True,True,True,True,True,True,True,True,True,True,Nil
2026-02-10 08:54:04 +0800,TEMASEK JUNIOR COLLEGE,PreU 1,CG 12/26,8,,,,,OG 6,CG 1,True,True,True,True,True,False,False,True,True,True,True,True,True,False,True,True,True,True,True,True,True,True,True,True,True,True,True,True,True,True,True,True,True,False,True,False,True,True,True,True,True,True,True,True,True,True,True,True,True,True,True,True,
2026-02-10 08:53:38 +0800,TEMASEK JUNIOR COLLEGE,PreU 1,CG 12/26,9,,,,,OG 1,CG 1,True,True,True,True,True,False,True,True,False,True,False,True,True,True,True,True,True,True,True,True,True,False,True,True,True,True,True,True,True,False,True,True,True,True,True,True,False,False,True,True,False,True,True,True,True,True,True,True,False,True,True,True,
2026-02-10 09:03:24 +0800,TEMASEK JUNIOR COLLEGE,PreU 1,CG 12/26,10,,,,,OG 15,CG 1,True,True,True,True,True,True,True,True,True,True,True,True,True,True,True,True,True,True,True,True,True,True,True,True,True,True,True,True,True,True,True,True,True,True,True,True,True,True,True,True,True,True,True,True,True,True,True,True,True,True,True,True,
2026-02-10 08:59:37 +0800,TEMASEK JUNIOR COLLEGE,PreU 1,CG 12/26,11,,,,,OG 16,CG 1,True,False,True,True,True,True,True,False,True,True,True,True,True,True,True,True,True,True,True,True,True,True,True,True,True,True,True,True,True,True,True,True,True,True,True,True,True,True,True,True,True,True,True,True,True,True,True,True,True,True,True,True,
2026-02-10 10:12:34 +0800,TEMASEK JUNIOR COLLEGE,PreU 1,CG 12/26,12,,,,,OG 5,CG 1,True,True,True,True,True,True,True,True,True,True,True,True,True,True,True,True,False,True,True,True,True,True,True,True,True,True,True,True,True,True,True,True,True,True,True,True,True,True,True,True,True,True,True,True,True,True,True,True,True,True,True,True,
2026-02-10 08:55:05 +0800,TEMASEK JUNIOR COLLEGE,PreU 1,CG 12/26,13,,,,,OG 4,CG 1,True,True,True,True,True,True,True,True,True,True,True,True,True,True,True,True,True,True,True,True,True,True,True,True,True,True,True,True,True,True,True,True,True,True,True,True,True,True,True,True,True,True,True,True,True,True,True,True,True,True,True,True,
2026-02-10 09:07:03 +0800,TEMASEK JUNIOR COLLEGE,PreU 1,CG 12/26,16,,,,,OG 9,CG 1,True,True,True,True,True,True,False,False,True,True,True,False,True,True,True,True,False,True,False,True,True,True,True,True,False,True,True,True,True,True,True,True,True,True,True,True,True,True,True,True,True,True,True,True,False,True,False,True,True,True,False,True,
2026-02-10 08:51:03 +0800,TEMASEK JUNIOR COLLEGE,PreU 1,CG 12/26,17,,,,,OG 18,CG 1,True,True,True,True,True,True,True,True,True,True,True,True,True,True,True,True,True,True,True,True,True,True,True,True,True,True,True,True,True,True,True,True,True,True,True,True,True,True,True,True,True,True,True,True,True,True,True,True,True,True,True,True,
2026-02-10 08:58:00 +0800,TEMASEK JUNIOR COLLEGE,PreU 1,CG 12/26,18,,,,,OG 10,CG 1,True,True,True,True,True,True,False,False,True,False,True,True,True,True,True,True,True,True,True,True,True,False,True,True,True,False,True,True,False,True,True,True,False,True,True,True,True,True,True,True,True,True,True,True,True,True,True,True,True,True,True,True,
2026-02-10 08:56:46 +0800,TEMASEK JUNIOR COLLEGE,PreU 1,CG 12/26,19,,,,,OG 7,CG 1,True,True,True,True,True,True,True,True,True,True,True,False,True,True,True,True,False,True,True,True,True,True,True,True,True,True,True,True,True,True,True,True,True,True,True,True,True,True,True,True,True,True,True,True,True,True,True,True,True,True,True,True,
2026-02-10 08:59:48 +0800,TEMASEK JUNIOR COLLEGE,PreU 1,CG 12/26,20,,,,,OG 1,CG 1,True,True,True,True,True,True,True,True,True,True,True,True,True,True,True,True,True,True,True,True,True,True,True,True,True,True,True,True,True,True,True,True,True,True,True,True,True,True,True,True,True,True,True,True,True,True,True,True,True,True,True,True,
2026-02-10 08:56:21 +0800,TEMASEK JUNIOR COLLEGE,PreU 1,CG 12/26,22,,,,,OG 10,CG 1,True,False,True,True,False,True,True,True,True,True,True,True,True,False,True,True,True,True,True,True,True,False,True,True,True,False,False,True,True,True,True,True,True,True,True,True,True,True,True,True,True,True,True,True,True,True,True,True,True,True,True,True,
2026-02-10 08:55:46 +0800,TEMASEK JUNIOR COLLEGE,PreU 1,CG 12/26,23,,,,,OG 3,CG 1,True,False,True,False,False,False,True,False,True,False,True,False,True,True,True,False,True,True,False,True,True,True,True,True,True,True,True,True,True,False,True,True,True,False,False,True,True,False,True,True,True,False,False,False,False,True,True,False,False,False,True,True,
2026-02-10 08:53:23 +0800,TEMASEK JUNIOR COLLEGE,PreU 1,CG 12/26,24,,,,,OG 7,CG 1,False,True,True,False,True,False,False,True,True,True,False,False,False,True,True,True,False,True,True,True,False,False,True,True,True,True,True,False,False,False,False,False,True,True,False,False,True,True,True,True,True,True,True,True,False,True,True,True,False,False,True,True,
2026-02-10 08:52:24 +0800,TEMASEK JUNIOR COLLEGE,PreU 1,CG 12/26,25,,,,,OG 4,CG 1,True,True,True,True,True,True,True,True,True,True,True,True,True,True,True,True,True,True,True,True,True,True,True,True,True,True,True,True,True,True,True,True,True,True,True,True,False,True,True,True,True,True,True,True,True,True,True,True,True,True,True,True,
2026-02-10 08:54:34 +0800,TEMASEK JUNIOR COLLEGE,PreU 1,CG 13/26,1,,,,,OG 2,CG 1,True,True,True,True,True,True,True,True,True,True,True,True,True,True,True,True,True,True,True,True,True,True,True,True,True,True,True,True,True,True,True,True,True,True,True,True,True,True,True,True,True,True,True,True,True,True,True,True,True,True,True,True,
2026-02-10 08:59:25 +0800,TEMASEK JUNIOR COLLEGE,PreU 1,CG 13/26,2,,,,,OG 6,CG 1,True,True,True,False,True,True,False,True,False,True,True,False,True,True,True,False,False,True,True,True,True,False,True,False,True,True,True,True,True,True,True,False,True,True,True,True,False,True,True,True,True,True,True,True,True,True,True,True,True,True,True,True,
2026-02-10 08:54:10 +0800,TEMASEK JUNIOR COLLEGE,PreU 1,CG 13/26,3,,,,,OG 15,CG 1,True,False,True,True,True,True,True,True,False,True,False,True,True,True,False,True,True,False,True,True,True,True,False,False,False,True,True,True,True,True,False,True,True,False,True,False,False,False,True,True,True,True,True,False,True,True,True,False,True,False,False,True,
2026-02-10 08:54:43 +0800,TEMASEK JUNIOR COLLEGE,PreU 1,CG 13/26,4,,,,,OG 6,CG 1,True,True,True,True,True,True,True,True,True,True,True,True,True,True,True,True,True,True,True,True,True,True,True,True,True,True,True,True,True,True,True,True,True,True,True,True,True,True,True,True,True,True,True,True,True,True,True,True,True,True,True,True,
2026-02-10 08:58:53 +0800,TEMASEK JUNIOR COLLEGE,PreU 1,CG 13/26,5,,,,,OG 3,CG 1,True,True,True,True,True,True,False,True,True,True,True,True,True,True,True,True,False,True,True,True,True,True,True,True,True,True,True,True,True,True,True,True,True,True,True,True,False,True,True,True,True,True,True,True,True,True,True,True,True,True,True,True,
2026-02-10 08:58:19 +0800,TEMASEK JUNIOR COLLEGE,PreU 1,CG 13/26,7,,,,,OG 3,CG 1,False,False,True,True,False,True,True,True,True,False,False,True,False,True,True,True,True,False,True,True,True,False,False,True,False,True,True,True,False,True,True,True,True,True,False,True,False,False,True,True,True,False,True,True,True,True,True,True,True,False,True,True,
2026-02-10 08:58:39 +0800,TEMASEK JUNIOR COLLEGE,PreU 1,CG 13/26,8,,,,,OG 4,CG 1,True,True,True,True,True,True,True,True,True,True,False,True,True,True,True,True,False,True,False,True,True,True,True,True,True,True,True,True,True,False,True,True,True,True,True,True,False,False,True,True,False,True,True,True,True,True,True,True,True,True,True,True,
2026-02-10 08:58:06 +0800,TEMASEK JUNIOR COLLEGE,PreU 1,CG 13/26,9,,,,,OG 3,CG 1,True,True,True,False,False,False,True,False,True,False,False,True,True,False,True,True,True,True,False,True,True,False,False,False,True,True,False,False,True,True,True,True,True,False,False,False,True,False,True,True,True,True,True,True,False,True,False,True,True,False,True,True,
2026-02-10 08:54:13 +0800,TEMASEK JUNIOR COLLEGE,PreU 1,CG 13/26,10,,,,,OG 2,CG 1,True,True,True,True,True,False,True,False,True,True,False,True,True,True,True,True,False,True,False,True,False,False,False,True,True,True,True,True,True,True,True,True,True,True,False,False,True,False,True,True,True,True,True,True,False,True,True,False,False,False,True,True,
2026-02-10 08:57:03 +0800,TEMASEK JUNIOR COLLEGE,PreU 1,CG 13/26,11,,,,,OG 11,CG 1,True,True,True,True,True,False,True,True,True,True,True,True,True,True,True,True,True,True,True,True,True,True,True,True,True,False,True,True,True,True,True,True,True,True,True,True,True,True,True,True,True,False,True,True,False,True,True,True,True,False,True,True,
2026-02-10 08:54:12 +0800,TEMASEK JUNIOR COLLEGE,PreU 1,CG 13/26,12,,,,,OG 12,CG 1,True,True,True,False,True,True,True,True,True,False,True,True,True,True,True,True,True,True,True,True,True,False,True,True,True,True,True,True,True,True,True,True,True,True,True,True,True,True,True,True,True,True,False,True,True,True,True,True,True,True,True,True,
2026-02-10 08:58:37 +0800,TEMASEK JUNIOR COLLEGE,PreU 1,CG 13/26,13,,,,,OG 16,CG 1,False,True,True,True,True,True,True,False,True,True,True,False,True,False,True,False,False,True,True,True,True,False,True,True,True,True,True,True,False,True,True,True,True,False,False,True,True,True,True,True,False,True,False,True,True,True,False,True,True,True,True,True,
2026-02-10 08:53:50 +0800,TEMASEK JUNIOR COLLEGE,PreU 1,CG 13/26,14,,,,,OG 17,CG 1,False,True,True,False,True,True,True,False,True,True,False,False,True,True,True,False,False,True,True,True,False,False,True,False,True,True,False,False,False,True,True,False,True,True,True,False,True,False,True,True,False,True,True,True,False,True,True,True,False,False,True,True,
2026-02-10 08:52:58 +0800,TEMASEK JUNIOR COLLEGE,PreU 1,CG 13/26,15,,,,,OG 2,CG 1,True,True,True,True,True,True,True,True,True,True,True,False,True,False,False,False,False,True,True,True,True,True,True,True,True,True,True,True,True,True,True,True,True,True,True,True,True,True,True,True,True,True,True,True,True,True,True,True,True,True,True,True,
2026-02-10 08:53:53 +0800,TEMASEK JUNIOR COLLEGE,PreU 1,CG 13/26,16,,,,,OG 18,CG 1,True,True,True,True,True,True,True,False,True,True,True,True,True,True,True,True,True,True,True,True,True,True,True,True,True,True,True,True,True,True,True,True,True,True,True,True,True,True,True,True,True,True,True,True,True,True,True,True,True,True,True,True,nice survey
2026-02-10 08:54:58 +0800,TEMASEK JUNIOR COLLEGE,PreU 1,CG 13/26,17,,,,,OG 14,CG 1,True,True,True,True,True,False,True,True,True,True,True,True,True,True,True,True,True,True,True,True,True,True,True,True,True,True,True,True,False,True,True,False,True,True,True,True,True,False,True,True,True,True,True,True,True,True,True,True,True,False,True,True,
2026-02-10 09:05:26 +0800,TEMASEK JUNIOR COLLEGE,PreU 1,CG 13/26,18,,,,,OG 17,CG 1,True,True,True,True,True,True,True,True,True,True,True,True,True,True,True,True,True,True,True,True,True,True,True,True,True,True,True,True,True,True,True,True,True,True,True,True,True,True,True,True,True,True,True,True,True,True,True,True,True,True,True,True,
2026-02-10 08:55:36 +0800,TEMASEK JUNIOR COLLEGE,PreU 1,CG 13/26,20,,,,,OG 5,CG 1,True,True,True,True,True,True,False,False,True,True,True,True,True,False,True,True,False,True,True,True,True,False,True,True,True,True,True,True,True,True,True,True,True,True,True,True,True,True,True,True,True,True,True,True,True,True,True,True,True,True,True,True,
2026-02-10 08:56:11 +0800,TEMASEK JUNIOR COLLEGE,PreU 1,CG 13/26,21,,,,,OG 4,CG 1,True,True,True,True,True,True,True,True,True,True,False,True,True,True,True,True,True,False,True,True,True,False,True,True,True,True,True,False,True,True,False,True,True,True,True,True,False,True,True,True,False,True,False,True,True,True,True,True,True,True,True,True,
2026-02-10 08:53:57 +0800,TEMASEK JUNIOR COLLEGE,PreU 1,CG 13/26,22,,,,,OG 6,CG 1,True,True,True,True,True,True,False,True,True,True,True,True,True,True,True,True,True,True,True,True,False,False,True,True,True,True,True,True,True,True,True,True,True,True,True,False,False,True,True,True,True,True,True,True,True,True,True,True,True,True,True,True,
2026-02-10 08:54:14 +0800,TEMASEK JUNIOR COLLEGE,PreU 1,CG 13/26,23,,,,,OG 18,CG 1,True,True,True,False,True,False,False,False,True,True,False,True,True,False,True,False,False,True,True,False,True,True,True,True,True,True,True,False,True,True,True,False,True,True,False,True,True,False,True,True,False,True,True,False,True,True,True,True,True,True,True,False,
2026-02-10 08:55:48 +0800,TEMASEK JUNIOR COLLEGE,PreU 1,CG 13/26,24,,,,,OG 13,CG 1,True,True,True,True,True,True,False,True,True,True,True,False,True,True,True,True,False,True,False,True,True,True,True,True,True,True,True,True,True,True,True,False,True,True,False,True,False,True,True,True,False,True,True,True,True,True,True,True,True,True,True,True,
2026-02-10 08:52:32 +0800,TEMASEK JUNIOR COLLEGE,PreU 1,CG 13/26,25,,,,,OG 3,CG 1,True,True,True,True,True,True,True,True,True,False,False,True,True,False,True,True,True,True,True,True,True,False,True,False,True,True,False,True,True,True,False,True,True,True,True,True,False,True,True,True,False,True,True,True,True,True,False,True,True,False,True,True,
2026-02-10 08:59:25 +0800,TEMASEK JUNIOR COLLEGE,PreU 1,CG 14/26,1,,,,,OG 14,CG 1,True,True,True,True,True,False,False,True,True,True,False,True,True,True,True,True,True,True,True,True,True,False,True,False,True,True,True,True,True,True,True,False,True,True,True,True,False,True,True,True,False,False,True,True,True,True,True,True,True,True,True,True,
2026-02-10 09:05:55 +0800,TEMASEK JUNIOR COLLEGE,PreU 1,CG 14/26,2,,,,,OG 6,CG 1,True,True,True,True,True,True,False,True,True,False,True,True,True,True,True,False,False,True,False,True,True,True,False,True,True,True,True,False,True,True,False,True,True,True,True,True,True,False,True,True,False,True,True,True,True,True,True,True,True,True,True,True,
2026-02-10 08:54:26 +0800,TEMASEK JUNIOR COLLEGE,PreU 1,CG 14/26,3,,,,,OG 5,CG 1,False,True,True,True,True,False,True,True,True,True,True,True,True,True,True,True,True,True,False,True,False,False,True,False,True,True,True,True,True,True,True,True,True,True,True,True,True,False,True,True,True,True,True,True,True,True,True,True,True,False,True,True,
2026-02-10 08:57:33 +0800,TEMASEK JUNIOR COLLEGE,PreU 1,CG 14/26,4,,,,,OG 16,CG 1,True,True,True,True,True,True,True,True,True,True,True,True,True,True,True,True,True,True,False,True,True,True,True,True,True,True,True,True,True,True,False,True,True,True,True,True,True,True,True,True,True,True,True,True,True,True,True,False,True,True,True,True,
2026-02-10 08:52:47 +0800,TEMASEK JUNIOR COLLEGE,PreU 1,CG 14/26,5,,,,,OG 12,CG 1,True,True,True,True,True,True,True,True,True,True,False,False,False,True,True,True,True,True,True,True,True,True,True,True,True,True,True,False,True,True,True,True,True,True,True,True,True,False,True,True,True,True,True,True,True,True,False,True,True,False,True,True,
2026-02-10 08:53:22 +0800,TEMASEK JUNIOR COLLEGE,PreU 1,CG 14/26,6,,,,,OG 15,CG 1,True,True,True,True,True,True,False,False,True,True,True,False,True,False,True,True,True,False,True,True,True,True,True,True,True,True,False,False,True,True,True,True,False,True,False,True,True,True,True,True,True,True,True,True,False,True,False,False,True,True,True,True,
2026-02-10 08:55:05 +0800,TEMASEK JUNIOR COLLEGE,PreU 1,CG 14/26,7,,,,,OG 9,CG 1,True,False,True,True,True,True,True,False,True,True,True,True,True,True,True,True,True,False,True,True,True,True,False,True,True,True,True,True,True,True,False,True,True,True,True,True,False,False,True,True,True,True,True,True,True,True,True,True,True,True,True,True,
2026-02-10 09:00:35 +0800,TEMASEK JUNIOR COLLEGE,PreU 1,CG 14/26,8,,,,,OG 2,CG 1,False,True,True,False,False,False,True,False,True,True,False,True,True,False,False,True,True,True,True,True,True,True,True,True,True,True,True,True,True,False,False,True,True,True,True,True,True,True,True,True,True,True,True,True,True,True,True,False,True,False,True,True,
2026-02-10 08:56:49 +0800,TEMASEK JUNIOR COLLEGE,PreU 1,CG 14/26,9,,,,,OG 17,CG 1,True,True,True,True,True,True,True,True,True,True,True,True,True,True,True,False,True,True,True,True,True,True,True,True,True,True,True,True,True,True,True,True,True,True,True,True,True,True,True,False,False,True,True,True,True,True,True,True,True,True,True,True,
2026-02-10 08:58:42 +0800,TEMASEK JUNIOR COLLEGE,PreU 1,CG 14/26,10,,,,,OG 6,CG 1,True,True,True,True,True,True,True,True,True,True,False,False,True,True,True,True,True,True,False,True,True,False,False,False,True,True,True,True,True,True,True,True,True,True,True,True,False,False,True,True,False,False,True,True,False,True,True,True,True,True,True,True,ok
2026-02-10 08:55:20 +0800,TEMASEK JUNIOR COLLEGE,PreU 1,CG 14/26,11,,,,,OG 7,CG 1,False,True,True,False,True,False,False,False,True,False,True,True,True,False,True,True,True,True,True,True,True,False,True,True,True,True,True,False,True,True,True,False,True,True,False,False,True,True,True,True,True,True,True,True,False,True,True,False,False,False,True,True,
2026-02-10 08:56:52 +0800,TEMASEK JUNIOR COLLEGE,PreU 1,CG 14/26,12,,,,,OG 8,CG 1,True,True,True,True,True,False,True,True,True,True,False,True,True,False,False,True,True,True,False,True,True,True,False,False,True,True,True,True,True,False,True,True,True,True,True,False,False,False,True,True,True,False,False,True,True,True,True,False,True,False,True,True,
2026-02-10 08:54:40 +0800,TEMASEK JUNIOR COLLEGE,PreU 1,CG 14/26,13,,,,,OG 16,CG 1,False,True,True,True,True,False,True,True,True,True,True,True,True,True,True,True,True,True,True,True,False,True,True,True,True,True,True,True,True,True,True,False,True,True,True,True,True,True,True,True,True,True,True,True,True,True,True,True,True,True,True,True,
2026-02-10 08:59:42 +0800,TEMASEK JUNIOR COLLEGE,PreU 1,CG 14/26,14,,,,,OG 20,CG 1,True,True,True,True,True,True,True,True,True,True,True,True,True,True,True,True,True,True,True,True,True,True,True,True,True,True,True,True,True,True,True,True,True,True,True,True,True,True,True,True,True,True,True,True,True,True,True,True,True,True,True,True,
2026-02-10 08:59:06 +0800,TEMASEK JUNIOR COLLEGE,PreU 1,CG 14/26,15,,,,,OG 8,CG 1,True,True,True,True,True,True,True,False,True,False,True,False,True,False,True,True,False,False,False,True,False,True,False,False,True,True,True,False,False,True,True,True,False,False,False,True,True,True,True,True,True,True,True,True,True,True,True,False,False,True,True,True,
2026-02-10 09:02:50 +0800,TEMASEK JUNIOR COLLEGE,PreU 1,CG 14/26,16,,,,,OG 14,CG 1,True,True,True,True,True,True,True,True,True,True,True,True,True,False,True,True,True,False,True,True,True,True,True,True,True,True,True,True,True,True,True,True,False,True,True,True,True,False,True,True,True,True,True,True,False,True,True,True,True,True,True,True,
2026-02-10 08:55:57 +0800,TEMASEK JUNIOR COLLEGE,PreU 1,CG 14/26,17,,,,,OG 18,CG 1,True,True,True,True,True,False,False,False,False,True,False,False,True,True,True,True,True,True,True,False,True,True,True,True,True,True,True,True,True,False,True,False,False,True,False,True,True,True,True,True,True,False,True,True,True,True,False,True,False,True,True,True,
2026-02-10 08:55:22 +0800,TEMASEK JUNIOR COLLEGE,PreU 1,CG 14/26,18,,,,,OG 1,CG 1,True,True,True,False,True,False,False,False,True,True,True,False,True,False,True,True,True,True,True,False,False,False,True,False,True,True,True,False,True,True,True,False,True,False,False,False,False,False,True,True,True,True,True,True,False,True,True,True,False,False,True,True,
2026-02-10 08:58:46 +0800,TEMASEK JUNIOR COLLEGE,PreU 1,CG 14/26,19,,,,,OG 1,CG 1,True,True,True,True,True,False,True,True,True,True,False,True,True,True,True,True,True,True,True,True,True,True,True,False,True,True,True,True,True,True,True,True,True,True,True,True,True,True,True,True,True,True,True,True,True,True,True,True,True,True,True,True,
2026-02-10 08:55:39 +0800,TEMASEK JUNIOR COLLEGE,PreU 1,CG 14/26,20,,,,,OG 9,CG 1,True,True,True,False,False,False,True,False,True,True,True,False,True,False,True,True,True,True,True,False,True,False,True,False,True,False,True,True,True,True,True,True,False,True,True,False,True,False,True,True,True,True,True,True,False,True,True,False,True,True,True,True,
2026-02-10 09:00:15 +0800,TEMASEK JUNIOR COLLEGE,PreU 1,CG 14/26,21,,,,,OG 6,CG 1,True,True,True,True,True,True,True,True,True,True,True,True,True,True,True,True,True,True,True,True,True,True,True,True,True,True,True,True,True,False,False,True,False,True,True,True,True,False,True,True,False,True,True,True,True,True,True,True,True,True,True,True,
2026-02-10 08:51:11 +0800,TEMASEK JUNIOR COLLEGE,PreU 1,CG 14/26,22,,,,,OG 8,CG 1,True,True,True,True,True,True,True,True,True,True,True,True,True,True,True,True,True,True,True,True,True,True,True,True,True,True,True,True,True,True,True,True,True,True,True,True,True,True,True,True,True,True,True,True,True,True,True,True,True,True,True,True,
2026-02-10 08:57:46 +0800,TEMASEK JUNIOR COLLEGE,PreU 1,CG 14/26,23,,,,,OG 4,CG 1,True,False,True,True,True,False,True,True,True,True,True,False,True,True,True,True,True,True,False,True,True,True,True,False,True,True,True,False,True,True,False,True,True,False,True,True,False,True,False,True,False,True,True,True,True,True,True,True,True,False,True,True,
2026-02-10 08:54:40 +0800,TEMASEK JUNIOR COLLEGE,PreU 1,CG 14/26,24,,,,,OG 8,CG 1,True,False,True,True,False,True,True,False,True,True,False,False,True,True,True,False,True,True,True,True,False,False,False,False,True,False,False,True,True,True,True,False,True,False,True,False,True,False,True,True,True,True,True,False,False,True,True,False,True,False,True,True,
2026-02-10 08:56:49 +0800,TEMASEK JUNIOR COLLEGE,PreU 1,CG 15/26,1,,,,,OG 9,CG 1,False,True,True,False,False,True,False,False,True,True,False,False,True,True,True,True,False,True,True,False,True,False,True,True,True,False,False,True,True,True,True,False,True,True,False,False,True,False,True,True,False,True,True,False,False,True,True,True,False,True,True,True,
2026-02-10 08:53:26 +0800,TEMASEK JUNIOR COLLEGE,PreU 1,CG 15/26,2,,,,,OG 16,CG 1,False,True,True,True,True,True,False,True,True,True,True,True,True,False,True,False,True,True,True,False,False,False,True,False,True,True,True,False,True,True,True,True,True,True,True,False,False,True,True,True,True,True,False,True,True,True,True,True,True,False,True,True,nil
2026-02-10 09:02:51 +0800,TEMASEK JUNIOR COLLEGE,PreU 1,CG 15/26,3,,,,,OG 8,CG 1,False,True,True,False,True,True,False,False,True,False,True,False,False,True,True,False,False,True,True,False,True,False,True,True,True,True,True,True,True,True,True,False,True,True,False,True,True,True,True,True,False,True,True,True,False,True,False,False,False,False,True,True,Nil
2026-02-10 08:58:40 +0800,TEMASEK JUNIOR COLLEGE,PreU 1,CG 15/26,4,,,,,OG 5,CG 1,True,True,True,True,True,True,False,True,True,False,True,False,True,True,True,False,True,True,True,False,True,False,False,True,True,True,True,True,True,True,True,False,True,True,True,True,True,True,True,True,True,True,True,True,True,True,True,True,True,True,True,True,
2026-02-10 08:51:20 +0800,TEMASEK JUNIOR COLLEGE,PreU 1,CG 15/26,5,,,,,OG 10,CG 1,True,True,True,True,True,True,True,True,True,True,True,True,True,True,True,True,True,True,True,True,True,True,True,True,True,True,True,True,True,True,True,True,True,False,True,True,True,True,True,True,True,True,True,True,True,True,True,True,True,True,True,True,
2026-02-10 08:55:20 +0800,TEMASEK JUNIOR COLLEGE,PreU 1,CG 15/26,6,,,,,OG 8,CG 1,False,True,True,False,True,False,True,False,True,True,True,False,False,False,True,True,True,False,True,False,False,False,False,False,True,True,False,False,False,False,True,True,False,True,False,False,True,False,True,False,True,True,True,True,False,True,False,True,False,False,True,True,
2026-02-10 08:59:37 +0800,TEMASEK JUNIOR COLLEGE,PreU 1,CG 15/26,7,,,,,OG 8,CG 1,True,True,True,True,True,True,False,True,True,True,True,True,True,True,True,True,True,True,True,True,False,False,True,True,True,True,True,True,True,True,True,True,True,True,True,True,True,True,True,True,True,True,True,True,True,True,True,True,True,True,True,True,
2026-02-10 08:57:26 +0800,TEMASEK JUNIOR COLLEGE,PreU 1,CG 15/26,8,,,,,OG 9,CG 1,True,True,True,True,True,True,True,True,True,True,True,True,True,False,True,True,False,False,False,True,True,False,True,True,True,True,True,True,True,True,True,True,False,True,False,True,False,True,False,True,True,True,True,True,True,True,True,False,True,True,True,True,
2026-02-10 08:53:43 +0800,TEMASEK JUNIOR COLLEGE,PreU 1,CG 15/26,9,,,,,OG 13,CG 1,True,True,True,True,True,True,True,True,False,True,True,True,True,True,True,True,True,True,True,True,True,False,True,True,True,True,True,True,True,True,True,True,True,False,True,True,True,True,True,True,True,True,True,True,True,True,True,True,True,True,True,True,Yes
2026-02-10 08:53:47 +0800,TEMASEK JUNIOR COLLEGE,PreU 1,CG 15/26,10,,,,,OG 1,CG 1,True,False,True,True,True,False,True,False,True,True,False,True,True,False,True,True,True,True,False,True,True,False,False,False,True,True,True,False,False,False,True,True,True,False,True,False,True,False,True,True,False,True,False,True,True,True,True,False,False,False,True,True,
2026-02-10 08:57:29 +0800,TEMASEK JUNIOR COLLEGE,PreU 1,CG 15/26,11,,,,,OG 12,CG 1,True,True,True,True,True,True,True,True,True,True,True,True,True,True,True,True,True,True,True,True,True,True,True,True,True,True,True,True,True,True,True,True,True,True,True,True,True,True,True,True,True,False,True,True,True,True,True,True,True,True,True,True,
2026-02-10 08:55:16 +0800,TEMASEK JUNIOR COLLEGE,PreU 1,CG 15/26,12,,,,,OG 2,CG 1,True,True,True,True,True,True,True,True,True,True,True,False,True,False,True,True,False,True,False,True,True,False,False,True,True,True,True,False,True,True,True,True,True,True,False,True,False,False,True,True,True,True,True,True,True,True,True,True,True,True,True,True,
2026-02-10 08:58:18 +0800,TEMASEK JUNIOR COLLEGE,PreU 1,CG 15/26,13,,,,,OG 11,CG 1,True,True,True,True,True,True,True,True,True,False,True,True,True,True,True,False,False,True,False,True,True,False,True,True,True,True,True,True,True,True,False,True,True,True,True,True,True,True,True,True,True,True,True,True,True,True,True,True,True,True,True,True,
2026-02-10 08:54:26 +0800,TEMASEK JUNIOR COLLEGE,PreU 1,CG 15/26,14,,,,,OG 20,CG 1,True,True,True,True,True,True,True,True,True,False,True,True,False,False,True,True,True,True,False,True,True,True,True,True,True,True,True,True,True,True,True,True,False,True,True,True,True,True,True,True,True,True,True,True,True,True,True,True,True,True,True,True,
2026-02-10 08:53:30 +0800,TEMASEK JUNIOR COLLEGE,PreU 1,CG 15/26,15,,,,,OG 11,CG 1,True,True,True,True,True,True,True,True,True,True,True,True,True,True,True,True,True,True,True,True,True,True,True,True,True,True,True,True,True,True,True,True,True,False,True,True,True,True,True,True,True,True,True,True,True,True,True,True,True,True,True,True,
2026-02-10 09:09:36 +0800,TEMASEK JUNIOR COLLEGE,PreU 1,CG 15/26,16,,,,,OG 20,CG 1,True,False,True,True,True,True,True,True,True,True,False,False,True,True,True,True,False,True,True,True,True,True,False,True,True,True,True,True,True,True,True,True,True,True,True,True,True,False,True,True,True,True,True,True,True,True,False,True,True,True,True,True,
2026-02-10 08:52:19 +0800,TEMASEK JUNIOR COLLEGE,PreU 1,CG 15/26,17,,,,,OG 15,CG 1,True,True,True,True,True,True,True,True,False,True,True,True,True,True,True,True,False,True,True,True,True,True,True,True,True,True,True,True,True,True,True,True,False,True,True,True,True,True,True,True,True,True,True,True,True,True,True,False,True,True,True,True,
2026-02-10 08:53:55 +0800,TEMASEK JUNIOR COLLEGE,PreU 1,CG 15/26,18,,,,,OG 14,CG 1,True,True,True,True,True,False,True,False,True,False,True,True,True,False,True,True,False,False,False,True,True,True,True,False,True,True,True,True,True,True,True,False,False,True,False,False,True,True,False,True,True,True,True,True,True,True,False,True,True,True,True,True,
2026-02-10 08:56:17 +0800,TEMASEK JUNIOR COLLEGE,PreU 1,CG 15/26,19,,,,,OG 9,CG 1,False,True,True,False,True,True,False,False,True,True,False,False,True,False,True,True,True,True,False,True,True,False,False,True,True,True,False,False,True,True,False,False,False,True,False,False,True,False,True,True,True,True,False,True,False,True,True,True,True,False,True,True,
2026-02-10 08:59:56 +0800,TEMASEK JUNIOR COLLEGE,PreU 1,CG 15/26,20,,,,,OG 11,CG 1,True,True,True,True,True,True,True,True,True,True,True,True,True,True,True,True,False,True,True,True,True,True,True,True,True,True,True,True,True,True,True,True,True,True,True,True,True,True,True,True,True,True,True,True,True,True,True,True,True,True,True,True,
2026-02-10 08:55:11 +0800,TEMASEK JUNIOR COLLEGE,PreU 1,CG 15/26,22,,,,,OG 13,CG 1,True,False,True,True,True,False,True,False,True,True,True,True,True,True,True,True,True,True,True,True,True,False,True,True,True,True,True,False,False,False,True,False,True,False,True,False,False,True,True,True,False,True,True,True,True,True,True,False,True,True,True,False,ok
2026-02-10 08:58:56 +0800,TEMASEK JUNIOR COLLEGE,PreU 1,CG 15/26,23,,,,,OG 4,CG 1,False,False,True,True,True,True,False,True,True,False,False,False,True,False,True,True,False,False,False,False,True,False,False,False,True,True,False,False,False,False,True,True,False,True,False,False,True,False,True,False,False,True,False,True,True,True,True,False,False,False,True,True,
2026-02-10 08:57:44 +0800,TEMASEK JUNIOR COLLEGE,PreU 1,CG 15/26,24,,,,,OG 2,CG 1,True,True,True,True,True,True,False,True,True,True,True,True,True,True,True,True,True,True,True,True,True,True,True,True,True,True,True,True,True,True,True,True,True,True,True,True,True,True,True,True,True,True,True,True,True,True,True,True,True,True,True,True,
2026-02-10 08:58:50 +0800,TEMASEK JUNIOR COLLEGE,PreU 1,CG 15/26,25,,,,,OG 18,CG 1,True,True,True,True,False,True,False,True,True,True,True,True,True,True,True,True,True,True,True,False,True,True,False,True,True,True,False,True,True,True,True,False,True,True,False,True,True,True,True,True,True,True,True,True,False,True,True,True,True,True,True,True,
2026-02-10 09:03:17 +0800,TEMASEK JUNIOR COLLEGE,PreU 1,CG 16/26,1,,,,,OG 6,CG 1,True,True,False,True,False,True,True,True,False,True,True,False,True,True,True,True,False,False,True,True,False,True,True,True,True,True,True,True,False,False,True,True,True,True,True,True,True,False,True,True,False,True,False,True,True,True,True,True,True,False,True,True,
2026-02-10 08:54:51 +0800,TEMASEK JUNIOR COLLEGE,PreU 1,CG 16/26,2,,,,,OG 5,CG 1,True,True,True,True,True,True,False,True,True,False,True,False,True,True,True,False,True,True,True,True,True,True,True,True,True,False,True,True,False,True,True,True,True,True,True,True,True,True,True,True,False,True,True,True,True,True,True,True,True,True,True,True,
2026-02-10 08:58:03 +0800,TEMASEK JUNIOR COLLEGE,PreU 1,CG 16/26,4,,,,,OG 10,CG 1,True,True,True,False,True,True,False,False,True,True,False,False,True,False,True,False,True,True,False,True,True,False,False,True,True,True,True,True,True,True,False,True,True,True,False,True,False,False,False,True,True,True,True,True,False,True,True,True,True,True,True,True,
2026-02-10 08:55:58 +0800,TEMASEK JUNIOR COLLEGE,PreU 1,CG 16/26,5,,,,,OG 20,CG 1,False,True,True,True,False,False,False,False,True,False,False,False,False,False,True,False,False,False,False,False,False,False,False,False,True,False,False,False,False,False,False,True,True,False,False,False,True,False,False,False,False,False,True,False,False,True,True,False,False,False,True,True,
2026-02-10 09:02:26 +0800,TEMASEK JUNIOR COLLEGE,PreU 1,CG 16/26,6,,,,,OG 13,CG 1,True,True,True,True,True,False,True,True,True,True,True,True,True,True,True,True,True,True,True,True,False,False,True,True,True,False,True,True,True,False,True,True,True,True,True,True,True,False,True,True,False,True,True,True,False,True,True,True,True,False,True,True,
2026-02-10 09:02:10 +0800,TEMASEK JUNIOR COLLEGE,PreU 1,CG 16/26,7,,,,,OG 13,CG 1,False,False,True,False,False,False,False,False,True,True,False,False,False,False,True,False,False,False,False,False,False,False,False,False,True,False,False,False,False,False,False,False,False,True,False,False,False,False,True,False,False,True,True,True,False,True,True,False,True,False,True,True,
2026-02-10 08:55:25 +0800,TEMASEK JUNIOR COLLEGE,PreU 1,CG 16/26,8,,,,,OG 11,CG 1,True,True,True,False,False,False,True,False,True,True,True,False,True,False,True,False,True,False,False,True,False,False,True,False,True,False,True,False,False,False,False,False,False,False,False,False,True,True,True,False,True,True,True,True,False,True,False,True,False,False,True,True,
2026-02-10 09:06:45 +0800,TEMASEK JUNIOR COLLEGE,PreU 1,CG 16/26,10,,,,,OG 19,CG 1,True,True,True,True,True,True,True,True,True,True,True,True,True,True,True,True,True,True,True,True,True,True,True,True,True,True,True,True,True,True,True,True,True,True,True,True,True,True,True,True,True,True,True,True,True,True,True,True,True,True,True,True,
2026-02-10 09:00:09 +0800,TEMASEK JUNIOR COLLEGE,PreU 1,CG 16/26,11,,,,,OG 10,CG 1,True,True,True,True,True,True,False,False,True,True,False,True,True,True,True,True,True,True,True,True,True,False,True,True,True,True,True,True,True,True,True,True,True,True,True,True,True,False,True,True,True,True,True,True,True,True,True,True,True,True,True,True,
2026-02-10 08:59:13 +0800,TEMASEK JUNIOR COLLEGE,PreU 1,CG 16/26,12,,,,,OG 5,CG 1,True,True,True,True,True,True,True,True,True,True,True,True,True,True,True,True,True,True,True,True,True,True,False,True,True,False,False,True,True,True,True,True,True,True,True,True,False,True,True,True,True,True,True,True,True,True,True,True,True,True,True,True,
2026-02-10 08:57:12 +0800,TEMASEK JUNIOR COLLEGE,PreU 1,CG 16/26,13,,,,,OG 18,CG 1,True,True,True,True,True,False,False,True,True,True,False,False,True,True,True,True,False,False,True,True,True,False,True,True,True,True,True,False,True,True,False,False,True,True,False,True,True,False,True,True,True,True,True,True,False,True,True,True,True,False,True,True,hi
2026-02-10 08:56:46 +0800,TEMASEK JUNIOR COLLEGE,PreU 1,CG 16/26,14,,,,,OG 1,CG 1,True,True,True,True,True,True,False,True,True,True,True,True,True,True,True,True,True,True,True,True,True,True,True,True,True,True,True,True,True,True,True,True,True,True,True,True,True,True,True,True,True,True,True,True,True,True,True,True,True,True,True,True,
2026-02-10 08:55:18 +0800,TEMASEK JUNIOR COLLEGE,PreU 1,CG 16/26,15,,,,,OG 4,CG 1,True,True,True,True,True,True,True,True,True,True,True,True,True,True,True,True,True,True,True,True,True,True,True,True,True,True,True,True,True,True,True,True,True,True,True,True,True,True,True,True,True,True,True,True,True,True,True,True,True,True,True,True,Nil
2026-02-10 08:59:51 +0800,TEMASEK JUNIOR COLLEGE,PreU 1,CG 16/26,16,,,,,OG 3,CG 1,True,True,True,True,True,True,True,False,False,True,True,True,True,False,True,True,True,True,True,True,True,True,True,False,True,False,True,True,True,True,True,True,True,False,True,True,False,True,True,True,True,True,True,True,False,True,True,True,True,True,True,True,
2026-02-10 09:00:23 +0800,TEMASEK JUNIOR COLLEGE,PreU 1,CG 16/26,17,,,,,OG 20,CG 1,True,True,True,False,True,True,True,True,True,True,True,False,True,True,True,True,True,True,True,True,True,True,True,True,True,True,True,True,True,True,True,True,False,True,True,True,True,True,True,True,True,True,True,True,False,True,True,True,True,True,True,True,
2026-02-10 08:53:47 +0800,TEMASEK JUNIOR COLLEGE,PreU 1,CG 16/26,18,,,,,OG 11,CG 1,False,True,True,False,True,False,True,False,True,True,True,False,True,True,True,True,True,True,True,True,False,False,False,False,True,True,False,False,True,False,False,True,False,True,False,True,True,True,False,False,False,False,False,True,False,True,False,True,False,False,True,True,
2026-02-10 08:55:20 +0800,TEMASEK JUNIOR COLLEGE,PreU 1,CG 16/26,19,,,,,OG 13,CG 1,True,True,True,True,True,True,True,True,True,True,True,True,True,True,True,True,True,True,True,True,True,True,True,True,True,True,True,True,True,True,True,True,True,True,True,True,True,True,True,True,True,True,True,True,True,True,True,True,True,True,True,True,
2026-02-10 08:56:27 +0800,TEMASEK JUNIOR COLLEGE,PreU 1,CG 16/26,20,,,,,OG 10,CG 1,True,True,True,True,True,True,False,True,True,False,False,True,True,True,True,True,False,True,True,True,True,True,True,True,True,True,True,True,True,True,True,True,True,True,True,True,False,True,True,True,True,True,True,True,True,True,True,True,True,True,True,True,
2026-02-10 08:55:41 +0800,TEMASEK JUNIOR COLLEGE,PreU 1,CG 16/26,21,,,,,OG 19,CG 1,True,True,True,True,True,True,True,True,True,False,False,True,True,True,True,True,True,True,True,True,True,True,True,True,True,True,True,True,True,False,True,True,True,False,False,True,False,True,True,True,False,True,False,True,False,True,True,False,True,True,True,True,
2026-02-10 09:21:41 +0800,TEMASEK JUNIOR COLLEGE,PreU 1,CG 16/26,22,,,,,OG 13,CG 1,True,False,True,True,True,True,True,True,True,True,True,True,True,True,True,True,True,True,True,True,True,True,False,False,True,True,True,False,True,True,True,True,True,True,True,True,True,False,True,True,False,True,True,True,True,True,True,True,True,True,True,True,
2026-02-10 08:57:18 +0800,TEMASEK JUNIOR COLLEGE,PreU 1,CG 16/26,23,,,,,OG 13,CG 1,True,True,True,False,False,True,False,False,True,False,True,True,True,True,True,True,True,False,True,True,True,False,True,True,True,False,True,True,True,True,True,True,True,True,True,False,True,True,True,True,True,True,False,True,True,True,True,False,True,True,True,True,
2026-02-10 08:51:30 +0800,TEMASEK JUNIOR COLLEGE,PreU 1,CG 16/26,24,,,,,OG 3,CG 1,True,True,True,True,True,True,True,True,True,True,True,True,True,True,True,True,True,True,True,True,True,True,True,True,True,True,True,False,True,True,True,True,True,True,True,True,True,True,True,True,True,True,True,False,True,True,True,True,True,True,True,True,
2026-02-10 08:54:15 +0800,TEMASEK JUNIOR COLLEGE,PreU 1,CG 16/26,25,,,,,OG 13,CG 1,True,True,True,False,False,False,False,False,True,True,True,True,True,False,True,True,True,True,False,True,False,False,True,False,True,False,False,False,True,True,True,False,False,True,False,True,False,True,True,True,True,True,True,True,False,True,False,False,True,False,True,True,
2026-02-10 08:57:55 +0800,TEMASEK JUNIOR COLLEGE,PreU 1,CG 17/26,2,,,,,OG 12,CG 1,True,True,True,True,True,True,False,True,True,True,True,True,True,True,True,True,True,True,True,True,True,True,True,True,True,True,True,True,True,True,True,True,True,True,True,True,True,True,True,True,True,True,True,True,True,True,True,True,True,True,True,True,
2026-02-10 08:52:49 +0800,TEMASEK JUNIOR COLLEGE,PreU 1,CG 17/26,3,,,,,OG 2,CG 1,True,True,True,True,True,True,True,True,True,True,True,True,True,True,True,True,True,True,True,True,True,True,True,True,True,True,True,True,True,True,True,True,True,True,True,True,True,True,True,True,True,True,True,True,True,True,True,True,True,True,True,True,
2026-02-10 08:52:56 +0800,TEMASEK JUNIOR COLLEGE,PreU 1,CG 17/26,4,,,,,OG 12,CG 1,True,True,True,True,True,True,True,True,True,True,True,True,True,True,True,True,True,True,True,True,True,False,True,True,True,True,True,True,True,True,True,True,True,True,True,True,True,True,True,True,True,True,False,True,True,True,True,False,True,True,True,True,
2026-02-10 08:51:52 +0800,TEMASEK JUNIOR COLLEGE,PreU 1,CG 17/26,5,,,,,OG 13,CG 1,True,True,True,True,True,True,True,True,True,True,True,True,True,True,True,True,True,True,True,True,True,True,True,True,True,True,True,True,True,True,True,True,True,True,True,True,True,True,True,True,True,True,True,True,True,True,True,True,True,True,True,True,
2026-02-10 08:55:29 +0800,TEMASEK JUNIOR COLLEGE,PreU 1,CG 17/26,6,,,,,OG 19,CG 1,True,True,True,False,False,True,True,False,True,False,False,True,True,False,False,True,False,True,True,False,True,False,False,True,True,True,True,True,True,False,True,True,True,True,True,False,True,False,True,True,True,True,False,True,False,True,True,True,True,True,True,True,
2026-02-10 08:58:51 +0800,TEMASEK JUNIOR COLLEGE,PreU 1,CG 17/26,7,,,,,OG 16,CG 1,True,True,True,True,False,True,True,True,True,False,True,False,True,True,True,True,False,True,True,False,True,False,True,False,True,True,False,True,True,True,True,False,False,True,False,False,True,True,True,True,True,True,True,True,True,True,True,False,True,False,True,True,
2026-02-10 08:54:48 +0800,TEMASEK JUNIOR COLLEGE,PreU 1,CG 17/26,8,,,,,OG 14,CG 1,False,False,True,True,True,True,True,False,True,False,True,True,False,False,True,False,True,True,True,True,False,False,False,False,True,False,False,True,True,True,True,True,False,False,True,False,True,False,True,True,True,True,True,True,False,True,False,False,False,False,True,True,
2026-02-10 08:53:32 +0800,TEMASEK JUNIOR COLLEGE,PreU 1,CG 17/26,9,,,,,OG 6,CG 1,True,True,True,True,True,True,True,True,True,False,True,True,True,False,True,True,True,False,False,True,True,False,True,True,True,True,True,True,False,True,False,True,True,True,True,True,False,True,True,True,True,True,True,True,True,True,True,True,True,True,True,True,
2026-02-10 08:57:43 +0800,TEMASEK JUNIOR COLLEGE,PreU 1,CG 17/26,11,,,,,OG 18,CG 1,True,True,True,True,True,True,True,True,True,True,True,False,True,True,True,False,False,True,True,True,True,False,True,True,True,True,True,True,True,True,True,False,True,True,False,True,True,True,True,True,True,True,True,True,True,True,True,False,True,True,True,True,
2026-02-10 09:00:17 +0800,TEMASEK JUNIOR COLLEGE,PreU 1,CG 17/26,12,,,,,OG 19,CG 1,True,False,True,True,True,True,True,True,True,True,True,True,True,False,True,True,True,True,True,True,False,False,True,False,True,True,True,True,True,True,True,True,True,False,True,True,True,False,True,True,True,False,True,False,True,True,True,False,False,True,True,True,
2026-02-10 09:05:45 +0800,TEMASEK JUNIOR COLLEGE,PreU 1,CG 17/26,13,,,,,OG 19,CG 1,True,True,True,True,True,False,True,False,True,True,True,False,True,False,True,False,True,True,False,True,True,False,True,False,True,True,True,True,True,True,True,True,False,True,True,True,False,False,True,True,False,True,True,False,False,True,False,True,True,True,True,True,
2026-02-10 08:59:03 +0800,TEMASEK JUNIOR COLLEGE,PreU 1,CG 17/26,14,,,,,OG 12,CG 1,True,True,True,False,True,True,False,True,True,True,True,True,True,False,True,True,True,True,True,True,True,True,True,False,True,True,False,False,True,True,False,False,False,True,False,True,False,True,True,True,True,True,True,True,False,True,True,True,True,True,True,True,
2026-02-10 08:57:53 +0800,TEMASEK JUNIOR COLLEGE,PreU 1,CG 17/26,15,,,,,OG 18,CG 1,False,True,True,True,False,False,False,False,True,True,True,True,True,True,True,True,False,True,False,True,True,False,False,False,True,True,True,False,False,True,True,True,False,True,True,True,True,False,True,True,True,True,True,True,True,True,True,False,True,True,True,True,
2026-02-10 09:02:42 +0800,TEMASEK JUNIOR COLLEGE,PreU 1,CG 17/26,16,,,,,OG 19,CG 1,True,True,True,True,True,False,False,True,True,True,False,False,True,True,True,True,False,True,True,False,True,False,False,False,True,True,True,False,True,True,False,False,True,False,True,True,False,True,True,True,True,True,True,True,True,True,False,False,True,False,False,True,
2026-02-10 08:53:20 +0800,TEMASEK JUNIOR COLLEGE,PreU 1,CG 17/26,17,,,,,OG 9,CG 1,True,True,True,True,True,False,True,False,True,False,True,False,False,True,True,True,False,True,True,True,False,True,True,False,False,False,True,True,True,True,True,True,True,True,True,True,True,True,True,True,True,False,False,True,False,True,True,True,True,True,True,True,
2026-02-10 08:54:19 +0800,TEMASEK JUNIOR COLLEGE,PreU 1,CG 17/26,18,,,,,OG 20,CG 1,True,True,True,True,True,True,False,False,True,True,False,True,False,False,True,True,True,True,True,True,True,True,False,True,True,True,True,False,True,True,False,True,True,True,True,True,False,False,True,False,True,True,True,True,True,True,True,False,True,True,True,True,
2026-02-10 08:53:56 +0800,TEMASEK JUNIOR COLLEGE,PreU 1,CG 17/26,19,,,,,OG 10,CG 1,True,False,True,True,True,True,True,True,True,True,False,True,True,True,True,True,True,True,False,True,True,True,False,False,True,True,True,True,True,True,False,True,True,True,True,True,False,False,False,True,True,True,True,True,True,True,True,True,True,True,True,True,
2026-02-10 08:58:51 +0800,TEMASEK JUNIOR COLLEGE,PreU 1,CG 17/26,20,,,,,OG 19,CG 1,False,True,True,True,False,True,True,True,True,False,False,False,True,True,True,True,True,True,True,True,False,False,True,True,True,True,False,True,True,True,False,True,False,True,False,False,True,True,False,True,True,True,True,True,True,True,True,True,False,False,True,True,
2026-02-10 08:53:38 +0800,TEMASEK JUNIOR COLLEGE,PreU 1,CG 17/26,21,,,,,OG 6,CG 1,True,True,True,True,True,True,False,True,True,True,True,True,True,True,True,False,True,True,True,True,True,True,True,True,True,True,True,True,True,True,True,True,True,True,True,True,True,True,True,True,True,True,True,True,True,True,True,True,True,True,True,True,
2026-02-10 08:54:00 +0800,TEMASEK JUNIOR COLLEGE,PreU 1,CG 17/26,22,,,,,OG 15,CG 1,True,True,True,True,True,True,True,False,False,True,True,False,True,False,True,True,True,True,True,True,True,False,True,True,True,True,True,True,True,True,True,False,True,True,True,True,True,True,True,True,True,True,True,True,True,True,True,True,True,True,True,True,
2026-02-10 08:52:30 +0800,TEMASEK JUNIOR COLLEGE,PreU 1,CG 17/26,23,,,,,OG 4,CG 1,True,True,True,True,True,True,False,False,True,False,True,False,False,False,True,True,False,True,True,True,True,True,False,False,True,True,True,False,True,True,True,False,True,False,True,False,False,True,True,True,False,False,True,True,False,True,True,True,False,True,True,True,
2026-02-10 08:55:06 +0800,TEMASEK JUNIOR COLLEGE,PreU 1,CG 17/26,24,,,,,OG 12,CG 1,False,False,True,True,True,True,True,True,True,True,False,True,True,True,True,True,True,False,True,True,False,False,False,True,True,True,True,True,True,True,True,True,True,True,True,False,True,False,True,True,True,True,True,True,True,True,False,True,True,True,True,True,
2026-02-10 09:01:53 +0800,TEMASEK JUNIOR COLLEGE,PreU 1,CG 17/26,25,,,,,OG 9,CG 1,False,True,True,True,True,True,False,False,True,False,False,True,False,True,True,True,False,False,False,True,False,False,False,True,True,True,False,False,True,True,True,False,False,True,True,False,True,False,True,True,False,False,False,True,False,True,False,True,False,False,True,True,
2026-02-10 08:58:13 +0800,TEMASEK JUNIOR COLLEGE,PreU 1,CG 17/26,26,,,,,OG 20,CG 1,True,True,True,True,True,True,True,True,True,True,False,False,True,True,True,True,True,True,False,False,False,False,False,False,True,True,True,True,True,True,True,True,True,True,True,True,False,False,True,True,False,True,True,True,False,True,True,True,False,False,True,True,
2026-02-10 08:58:16 +0800,TEMASEK JUNIOR COLLEGE,PreU 1,CG 18/26,1,,,,,OG 8,CG 1,True,True,True,True,True,True,False,True,True,True,True,True,True,True,True,True,False,True,True,True,True,True,True,True,True,True,True,False,True,True,True,False,True,True,True,True,True,True,True,True,True,True,True,True,True,True,True,False,True,True,True,True,
2026-02-10 08:53:45 +0800,TEMASEK JUNIOR COLLEGE,PreU 1,CG 18/26,2,,,,,OG 1,CG 1,True,False,True,True,False,True,False,True,True,False,False,True,True,True,True,False,False,True,True,True,True,True,True,False,True,True,False,True,True,True,True,False,False,False,False,True,True,False,True,True,True,True,True,True,True,True,True,True,True,True,True,True,
2026-02-10 08:54:19 +0800,TEMASEK JUNIOR COLLEGE,PreU 1,CG 18/26,3,,,,,OG 4,CG 1,True,True,True,True,True,True,True,True,False,True,True,False,True,False,True,True,True,True,True,True,True,True,True,False,True,True,True,True,True,True,True,True,True,True,True,True,True,True,True,True,True,True,True,True,True,True,True,True,True,True,True,True,
2026-02-10 08:56:02 +0800,TEMASEK JUNIOR COLLEGE,PreU 1,CG 18/26,4,,,,,OG 14,CG 1,True,True,True,True,True,True,False,True,True,True,False,True,True,True,True,True,False,True,False,True,True,False,True,True,True,True,True,True,True,True,False,True,True,True,True,True,False,True,True,False,True,True,True,True,True,True,True,True,True,False,True,True,
2026-02-10 08:52:43 +0800,TEMASEK JUNIOR COLLEGE,PreU 1,CG 18/26,5,,,,,OG 7,CG 1,False,True,True,False,True,False,False,True,True,False,False,False,True,True,True,False,False,True,True,True,False,False,True,False,True,True,True,False,True,True,True,False,True,True,False,False,False,False,False,True,True,True,False,True,True,True,True,True,True,True,True,True,
2026-02-10 09:04:19 +0800,TEMASEK JUNIOR COLLEGE,PreU 1,CG 18/26,6,,,,,OG 5,CG 1,True,True,True,True,True,True,True,False,True,True,True,True,True,True,True,False,True,True,True,True,True,True,True,True,True,False,False,True,True,True,True,True,True,True,False,True,True,True,True,True,True,True,True,True,True,True,True,True,True,True,True,True,
2026-02-10 09:02:11 +0800,TEMASEK JUNIOR COLLEGE,PreU 1,CG 18/26,7,,,,,OG 1,CG 1,True,True,True,True,True,True,True,False,True,False,False,False,True,True,True,True,True,True,True,True,False,False,True,False,True,True,True,False,True,True,True,True,True,True,False,False,True,True,True,True,True,True,True,True,True,True,True,False,True,True,True,True,
2026-02-10 08:56:02 +0800,TEMASEK JUNIOR COLLEGE,PreU 1,CG 18/26,8,,,,,OG 10,CG 1,True,True,True,True,True,True,True,True,True,True,True,True,True,True,True,True,True,True,True,True,True,True,True,True,True,True,True,True,True,True,True,True,True,True,True,True,True,True,True,True,True,True,True,True,True,True,True,True,True,True,True,True,
2026-02-10 08:52:18 +0800,TEMASEK JUNIOR COLLEGE,PreU 1,CG 18/26,9,,,,,OG 1,CG 1,True,True,True,True,True,True,True,True,True,True,True,True,True,True,True,True,True,True,True,True,True,True,True,True,True,True,True,True,True,True,True,True,True,True,True,True,True,True,True,True,True,True,True,True,True,True,True,True,True,True,True,True,
2026-02-10 08:54:12 +0800,TEMASEK JUNIOR COLLEGE,PreU 1,CG 18/26,10,,,,,OG 6,CG 1,True,False,True,True,True,True,True,False,True,True,False,False,True,True,True,True,False,True,False,True,False,False,False,False,True,True,True,True,True,False,False,False,True,True,False,True,True,False,False,True,True,False,True,True,False,True,True,True,True,False,True,True,
2026-02-10 08:55:42 +0800,TEMASEK JUNIOR COLLEGE,PreU 1,CG 18/26,11,,,,,OG 1,CG 1,True,True,True,True,True,False,False,True,True,True,True,True,True,True,True,True,True,True,True,True,False,False,True,False,True,True,True,True,False,False,True,True,True,True,True,False,True,True,True,True,True,False,True,True,True,True,True,False,True,False,True,True,
2026-02-10 09:01:37 +0800,TEMASEK JUNIOR COLLEGE,PreU 1,CG 18/26,12,,,,,OG 1,CG 1,False,False,True,True,True,True,True,False,True,True,False,False,True,True,True,False,True,False,False,True,False,False,False,False,True,False,False,False,True,True,False,True,False,False,False,True,False,False,True,False,False,False,False,True,False,True,True,False,True,True,True,True,
2026-02-10 08:52:16 +0800,TEMASEK JUNIOR COLLEGE,PreU 1,CG 18/26,13,,,,,OG 12,CG 1,True,True,True,True,True,True,False,True,True,False,True,True,True,True,True,True,True,True,True,True,True,True,True,True,True,True,True,True,True,True,True,True,True,True,True,True,True,True,True,True,True,True,True,True,True,True,True,True,True,True,True,True,
2026-02-10 08:55:34 +0800,TEMASEK JUNIOR COLLEGE,PreU 1,CG 18/26,14,,,,,OG 5,CG 1,True,True,True,True,True,True,True,True,True,True,True,True,True,False,True,False,True,True,True,True,True,True,True,True,True,True,False,False,True,True,True,True,True,True,False,True,True,False,True,True,True,True,True,True,True,True,True,True,True,True,True,True,
2026-02-10 08:57:39 +0800,TEMASEK JUNIOR COLLEGE,PreU 1,CG 18/26,15,,,,,OG 16,CG 1,False,True,True,True,True,True,True,False,True,True,False,False,False,False,True,False,False,True,False,False,True,False,False,True,True,True,True,False,False,True,True,False,False,True,False,False,True,False,True,True,True,False,True,True,True,True,True,True,True,True,True,True,
2026-02-10 08:52:00 +0800,TEMASEK JUNIOR COLLEGE,PreU 1,CG 18/26,16,,,,,OG 13,CG 1,True,True,True,True,True,True,True,True,True,True,True,True,True,True,True,True,True,True,True,True,True,True,True,True,True,True,True,True,True,True,True,True,True,True,True,True,True,True,True,True,True,True,True,True,True,True,True,True,True,True,True,True,
2026-02-10 09:05:01 +0800,TEMASEK JUNIOR COLLEGE,PreU 1,CG 18/26,17,,,,,OG 11,CG 1,True,True,True,False,True,False,False,True,True,True,True,False,True,True,True,False,True,False,True,True,False,True,True,False,True,False,True,True,True,True,True,True,True,False,True,True,False,True,False,True,False,True,True,True,False,True,False,False,False,True,True,True,
2026-02-10 08:56:26 +0800,TEMASEK JUNIOR COLLEGE,PreU 1,CG 18/26,18,,,,,OG 16,CG 1,True,True,True,True,True,True,False,True,True,True,True,True,True,True,True,True,False,True,True,True,True,True,True,True,True,True,True,True,True,True,True,True,True,True,True,True,True,True,True,True,True,True,True,True,True,True,True,True,True,True,True,True,
2026-02-10 08:54:38 +0800,TEMASEK JUNIOR COLLEGE,PreU 1,CG 18/26,19,,,,,OG 4,CG 1,True,True,True,True,True,True,True,True,True,True,False,True,True,True,True,True,True,True,False,True,False,False,False,True,True,True,True,True,True,True,True,True,True,True,True,False,False,False,True,True,True,True,True,True,True,True,True,True,True,False,True,True,
2026-02-10 09:07:26 +0800,TEMASEK JUNIOR COLLEGE,PreU 1,CG 18/26,20,,,,,OG 18,CG 1,True,False,True,False,True,True,True,True,True,True,False,False,True,False,True,False,True,True,True,False,True,True,True,True,True,False,False,True,True,True,True,True,True,True,False,True,False,True,True,True,True,True,True,True,False,True,True,True,True,False,True,True,
2026-02-10 08:53:21 +0800,TEMASEK JUNIOR COLLEGE,PreU 1,CG 18/26,21,,,,,OG 19,CG 1,True,True,True,True,True,True,True,True,True,True,True,False,True,True,True,True,False,True,False,True,True,False,True,True,True,True,True,True,True,True,True,True,True,True,True,True,True,True,True,True,True,True,True,True,True,True,True,True,True,True,True,True,
2026-02-10 08:52:42 +0800,TEMASEK JUNIOR COLLEGE,PreU 1,CG 18/26,22,,,,,OG 20,CG 1,True,True,True,True,True,False,True,True,True,True,True,True,True,True,True,True,True,True,True,True,True,True,True,True,True,True,True,True,True,True,True,True,True,True,True,True,True,True,True,True,True,True,True,True,True,True,True,True,True,True,True,True,
2026-02-10 08:54:59 +0800,TEMASEK JUNIOR COLLEGE,PreU 1,CG 18/26,23,,,,,OG 1,CG 1,True,True,True,True,False,False,True,True,True,True,True,False,True,False,True,True,True,True,True,False,False,False,True,False,True,True,True,True,True,False,False,False,True,True,False,True,False,False,True,True,True,True,True,True,False,True,True,False,False,False,True,True,
2026-02-10 08:58:49 +0800,TEMASEK JUNIOR COLLEGE,PreU 1,CG 18/26,24,,,,,OG 16,CG 1,True,True,True,True,True,True,True,True,True,False,True,True,False,True,True,False,True,True,True,True,True,True,False,True,True,True,True,True,True,True,True,True,True,True,True,True,False,True,True,True,True,True,True,True,True,True,True,False,True,True,True,True,